[{"id":"1103232001","nama":"Keutapang Dua"},{"id":"1103232002","nama":"Matang Rayeuk PP"},{"id":"1103232003","nama":"Meunasah Jeumpa"},{"id":"1103232004","nama":"Lhok Asahan"},{"id":"1103232005","nama":"Tualang Dalam"},{"id":"1103232006","nama":"Seuneubok Kuyun"},{"id":"1103232007","nama":"Ulee Glee"},{"id":"1103232008","nama":"Seuneubok  Barat"},{"id":"1103232009","nama":"Seuneubok  Teungoh"},{"id":"1103232010","nama":"Seuneubok  Timu"},{"id":"1103232011","nama":"Matang Bungong"},{"id":"1103232012","nama":"Matang Rayeuk SMK"},{"id":"1103232013","nama":"Seuneubok  Dalam"}]