[{"id":"1104020011","nama":"LAWE LONING GAB"},{"id":"1104020012","nama":"LAWE LONING AMAN"},{"id":"1104020013","nama":"GABUNGAN PARSAORAN"},{"id":"1104020014","nama":"KEDATARAN GAB"},{"id":"1104020016","nama":"KUTA TENGAH"},{"id":"1104020017","nama":"TANAH BARU"},{"id":"1104020018","nama":"LAWE SIGALA TIMUR"},{"id":"1104020019","nama":"LAWE SIGALA BARAT"},{"id":"1104020020","nama":"SUKA DAMAI"},{"id":"1104020021","nama":"LAWE SIGALA II"},{"id":"1104020022","nama":"LAWE TUA GAB"},{"id":"1104020023","nama":"BUKIT MERDEKA"},{"id":"1104020024","nama":"LAWE KESUMPAT"},{"id":"1104020027","nama":"DARUL AMAN"},{"id":"1104020035","nama":"LAWE LONING SEPAKAT"},{"id":"1104020036","nama":"GAYA JAYA"},{"id":"1104020037","nama":"LAWE LONING I"},{"id":"1104020038","nama":"LAWE RAKAT"},{"id":"1104020039","nama":"SUKA MAJU"},{"id":"1104020040","nama":"SUKA JAYA"},{"id":"1104020041","nama":"LAWE SERKE"},{"id":"1104020042","nama":"LAWE TUA PERSATUAN"},{"id":"1104020043","nama":"LAWE TUA MAKMUR"},{"id":"1104020044","nama":"BUKIT SEPAKAT"},{"id":"1104020045","nama":"ENMYA BATU DUA RATUS"},{"id":"1104020046","nama":"SEBUNGKE"},{"id":"1104020047","nama":"LAWE LONING HAKHAPEN"},{"id":"1104020048","nama":"NDAUH NI TENGGAU"},{"id":"1104020049","nama":"KERTIMBANG"},{"id":"1104020050","nama":"LAWE SIGALA BARAT JAYA"},{"id":"1104020051","nama":"LAWE PEKHIDINAN"},{"id":"1104020052","nama":"GELAH MUSARA"},{"id":"1104020053","nama":"MULIE DAME"},{"id":"1104020054","nama":"KARYA INDAH"},{"id":"1104020055","nama":"KAYU MBELIN"}]