[{"id":"1108111001","nama":"LAMBARO BILUY"},{"id":"1108111002","nama":"EMPETRING"},{"id":"1108111003","nama":"BILUY"},{"id":"1108111004","nama":"LAMSOD"},{"id":"1108111005","nama":"MANEE DAYAH"},{"id":"1108111006","nama":"LAMTADOK"},{"id":"1108111007","nama":"LAMKUNYET"},{"id":"1108111008","nama":"LHANG"},{"id":"1108111009","nama":"LAMBATEE"},{"id":"1108111010","nama":"TURAM"},{"id":"1108111011","nama":"BLANG KIREE"},{"id":"1108111012","nama":"TEUBALUI"},{"id":"1108111013","nama":"NEUSOK"},{"id":"1108111014","nama":"LAM BLEUT"}]