[{"id":"1117030002","nama":"BLANG TAMPU"},{"id":"1117030003","nama":"UNING BERSAH"},{"id":"1117030004","nama":"UNING TERITIT"},{"id":"1117030005","nama":"KUTE LINTANG"},{"id":"1117030006","nama":"TINGKEM BERSATU"},{"id":"1117030007","nama":"TINGKEM ASLI"},{"id":"1117030008","nama":"REJE GURU"},{"id":"1117030009","nama":"BLANG SENTANG"},{"id":"1117030010","nama":"PASAR SIMPANG TIGA"},{"id":"1117030011","nama":"BALE REDELONG"},{"id":"1117030012","nama":"UJUNG GELE"},{"id":"1117030013","nama":"DELUNG TUE"},{"id":"1117030014","nama":"KENAWAT REDELONG"},{"id":"1117030015","nama":"BLANG ARA"},{"id":"1117030016","nama":"WAQ PONDOK SAYUR"},{"id":"1117030017","nama":"PANJI MULIA II"},{"id":"1117030018","nama":"PANJI MULIA I"},{"id":"1117030019","nama":"ISAQ BUSUR"},{"id":"1117030020","nama":"BUJANG"},{"id":"1117030021","nama":"HAKIM TUNGGUL NARU"},{"id":"1117030022","nama":"BALE ATU"},{"id":"1117030033","nama":"TINGKEM BENYER"},{"id":"1117030034","nama":"BANTIN WIH PONGAS"},{"id":"1117030035","nama":"SEDIA JADI"},{"id":"1117030036","nama":"REMBELE"},{"id":"1117030037","nama":"MUTIARA BARU"},{"id":"1117030038","nama":"BLANG PANAS"},{"id":"1117030039","nama":"BUKIT BERSATU"},{"id":"1117030040","nama":"SERULE KAYU"},{"id":"1117030041","nama":"KUTE KERING"},{"id":"1117030042","nama":"KUTE TANYUNG"},{"id":"1117030043","nama":"BABUSSALAM"},{"id":"1117030044","nama":"PAYA GAJAH"},{"id":"1117030045","nama":"DELUNG ASLI"},{"id":"1117030046","nama":"PILAR JAYA"},{"id":"1117030047","nama":"MELUEM"},{"id":"1117030048","nama":"MUPAKAT JADI"},{"id":"1117030049","nama":"GODANG"},{"id":"1117030050","nama":"URING"},{"id":"1117030051","nama":"KARANG REJO"}]