[{"id":"1212230001","nama":"TELAGA SARI"},{"id":"1212230002","nama":"SEI MENCIRIM"},{"id":"1212230003","nama":"SUKA MAJU"},{"id":"1212230004","nama":"SEI BERAS SEKATA"},{"id":"1212230005","nama":"TANJUNG SELAMAT"},{"id":"1212230006","nama":"SUNGGAL KANAN"},{"id":"1212230007","nama":"MEDAN KRIO"},{"id":"1212230008","nama":"PAYA GELI"},{"id":"1212230009","nama":"PUJI MULYO"},{"id":"1212230010","nama":"SEI SEMAYANG"},{"id":"1212230011","nama":"SUMBER MELATI DISKI"},{"id":"1212230012","nama":"SERBA JADI"},{"id":"1212230013","nama":"MULYOREJO"},{"id":"1212230014","nama":"KAMPUNG LALANG"},{"id":"1212230015","nama":"PURWODADI"},{"id":"1212230016","nama":"TANJUNG GUSTA"},{"id":"1212230017","nama":"HELVETIA"}]