[{"id":"1213111003","nama":"Huta Godang"},{"id":"1213112001","nama":"Alahan Kae"},{"id":"1213112002","nama":"Habincaran"},{"id":"1213112004","nama":"Huta Padang UP"},{"id":"1213112005","nama":"Hutaimbaru UP"},{"id":"1213112007","nama":"Patahajang"},{"id":"1213112008","nama":"Simpang Banyak Jae"},{"id":"1213112009","nama":"Simpang Banyak Julu"},{"id":"1213112010","nama":"Simpang Duhu Dolok"},{"id":"1213112011","nama":"Simpang Duhu Lombang"},{"id":"1213112012","nama":"Simpang Pining"},{"id":"1213112013","nama":"Tolang"}]