[{"id":"1213030001","nama":"TELAGAH"},{"id":"1213030002","nama":"TANJUNG GUNUNG"},{"id":"1213030003","nama":"PEKAN SAWAH"},{"id":"1213030004","nama":"BELINTENG"},{"id":"1213030005","nama":"RUMAH GALUH"},{"id":"1213030006","nama":"SIMPANG KUTA BULUH"},{"id":"1213030007","nama":"GUNUNG AMBAT"},{"id":"1213030008","nama":"NAMU UKUR SELATAN"},{"id":"1213030009","nama":"NAMU UKUR UTARA"},{"id":"1213030010","nama":"DURIAN LINGGA"},{"id":"1213030011","nama":"PASAR VIII NAMO TRASI"},{"id":"1213030012","nama":"EMPLASMEN PASAR IV NAMO TRASI"},{"id":"1213030013","nama":"PASAR VI KWALA MENCIRIM"},{"id":"1213030014","nama":"PURWOBINANGUN"},{"id":"1213030015","nama":"EMPLASMEN KWALA MENCIRIM"},{"id":"1213030016","nama":"MEKAR JAYA"}]