[{"id":"1223011001","nama":"Aek Kanopan"},{"id":"1223011002","nama":"Aek Kanopan Timur"},{"id":"1223012003","nama":"Kuala Beringin"},{"id":"1223012004","nama":"Parpaudangan"},{"id":"1223012005","nama":"Pulo Dogom"},{"id":"1223012006","nama":"Londut"},{"id":"1223012007","nama":"Perkebunan Kanopan Ulu"},{"id":"1223012008","nama":"Perkebunan Membang Muda"},{"id":"1223012009","nama":"Perkebunan Labuhan Haji"},{"id":"1223012010","nama":"Perkebunan Hanna"},{"id":"1223012011","nama":"Sonomartani"},{"id":"1223012012","nama":"Sukarame"},{"id":"1223012013","nama":"Sukarame Baru"}]