[{"id":"1225010001","nama":"BAWOSALOO"},{"id":"1225010002","nama":"IMANA"},{"id":"1225010003","nama":"TUWA TUWA"},{"id":"1225010004","nama":"KAFO KAFO"},{"id":"1225010005","nama":"BAWASAWA"},{"id":"1225010006","nama":"PULAU BOGI"},{"id":"1225010007","nama":"HALAMONA"},{"id":"1225010008","nama":"HANOFA"},{"id":"1225010009","nama":"LAHAWA"},{"id":"1225010010","nama":"HINAKO"},{"id":"1225010011","nama":"SINENE ETO"},{"id":"1225010012","nama":"BALOWONDRATE"},{"id":"1225010013","nama":"SIROMBU"},{"id":"1225010014","nama":"TOGIDEU"},{"id":"1225010015","nama":"TUGALA"},{"id":"1225010016","nama":"TUGALAGAWU"},{"id":"1225010017","nama":"FADORO"},{"id":"1225010018","nama":"ORAHILI"},{"id":"1225010019","nama":"GUNUNG CAHAYA"},{"id":"1225010020","nama":"SISOBANDRAO"},{"id":"1225010021","nama":"TOGIM BOGI"},{"id":"1225010022","nama":"TETEHOSI"},{"id":"1225010023","nama":"OMBOLATA"},{"id":"1225010024","nama":"LAHUSA"},{"id":"1225010025","nama":"HILIMBERUA"}]