[{"id":"1402010006","nama":"SEMELINANG TEBING"},{"id":"1402010007","nama":"PAUH RANAP"},{"id":"1402010010","nama":"BATURIJAL HULU"},{"id":"1402010011","nama":"BATURIJAL HILIR"},{"id":"1402010012","nama":"PERANAP"},{"id":"1402010013","nama":"GUMANTI"},{"id":"1402010014","nama":"SEMELINANG DARAT"},{"id":"1402010015","nama":"PANDAN WANGI"},{"id":"1402010016","nama":"SERAI WANGI"},{"id":"1402010017","nama":"KATIPO PURA"},{"id":"1402010018","nama":"SETAKO RAYA"},{"id":"1402010019","nama":"BATURIJAL BARAT"}]