[{"id":"1402132001","nama":"Talang 7 Buah Tangga"},{"id":"1402132002","nama":"Talang Durian Cacar"},{"id":"1402132003","nama":"Talang Selantai"},{"id":"1402132004","nama":"Talang Perigi"},{"id":"1402132005","nama":"Kuantan Tenang"},{"id":"1402132006","nama":"Kota Baru"},{"id":"1402132007","nama":"Rimba Seminai"},{"id":"1402132008","nama":"Kelayang"},{"id":"1402132009","nama":"Talang Gedabu"},{"id":"1402132010","nama":"Talang Sungai Limau"},{"id":"1402132011","nama":"Talang Sungai Parit"},{"id":"1402132012","nama":"Batu Sawar"},{"id":"1402132013","nama":"Petonggan"},{"id":"1402132014","nama":"Lubuk Sitarak"},{"id":"1402132015","nama":"Bukit Indah"},{"id":"1402132016","nama":"Sungai Ekok"},{"id":"1402132017","nama":"Talang Suka Maju"},{"id":"1402132018","nama":"Kampung Bunga"},{"id":"1402132019","nama":"Talang Pring Jaya"}]