[{"id":"1407101001","nama":"Bangko Kanan"},{"id":"1407101006","nama":"Bangko Kiri"},{"id":"1407102002","nama":"Bangko Jaya"},{"id":"1407102003","nama":"Bangko Sempurna"},{"id":"1407102004","nama":"Bangko Bakti"},{"id":"1407102005","nama":"Bangko Pusako"},{"id":"1407102007","nama":"Sei Manasib"},{"id":"1407102008","nama":"Teluk Bano I"},{"id":"1407102009","nama":"Bangko Makmur"},{"id":"1407102010","nama":"Pematang Damar"},{"id":"1407102011","nama":"Pematang Ibul"},{"id":"1407102012","nama":"Bangko Permata"},{"id":"1407102013","nama":"Bangko Mukti"},{"id":"1407102014","nama":"Bangko Lestari"},{"id":"1407102015","nama":"Bangko Balam"},{"id":"1407102016","nama":"Bangko Mas Raya"}]