[{"id":"1508010007","nama":"TUO ILIR"},{"id":"1508010008","nama":"TELUK RENDAH PASAR"},{"id":"1508010009","nama":"TELUK RENDAH ILIR"},{"id":"1508010010","nama":"TELUK RENDAH ULU"},{"id":"1508010011","nama":"MUARA KETALO"},{"id":"1508010012","nama":"KELURAHAN SUNGAI BENGKAL"},{"id":"1508010013","nama":"BETUNG BEDARAH TIMUR"},{"id":"1508010014","nama":"BETUNG BEDARAH BARAT"},{"id":"1508010015","nama":"SUNGAI ARO"},{"id":"1508010016","nama":"KUNANGAN"},{"id":"1508010018","nama":"SUNGAI BENGKAL BARAT"}]