[{"id":"1607060017","nama":"SUNGAI REBO"},{"id":"1607060018","nama":"SUNGAI GERONG"},{"id":"1607060019","nama":"MARIANA"},{"id":"1607060026","nama":"TIRTO SARI"},{"id":"1607060027","nama":"PEMATANG PALAS"},{"id":"1607060028","nama":"PERAJEN"},{"id":"1607060029","nama":"PULAU BORANG"},{"id":"1607060030","nama":"MERAH MATA"},{"id":"1607060031","nama":"CINTA MANIS"},{"id":"1607060032","nama":"PERAMBAHAN"},{"id":"1607060044","nama":"MARIANA ILIR"},{"id":"1607060045","nama":"DUREN IJO"},{"id":"1607060051","nama":"PERAMBAHAN BARU"}]