[{"id":"1607192001","nama":"Cinta Manis Baru"},{"id":"1607192002","nama":"Sido Makmur"},{"id":"1607192003","nama":"Sidomulyo"},{"id":"1607192004","nama":"Nusa Makmur"},{"id":"1607192005","nama":"Rimba Jaya"},{"id":"1607192006","nama":"Teluktenggirik"},{"id":"1607192007","nama":"Sebubus"},{"id":"1607192008","nama":"Padang Rejo"},{"id":"1607192009","nama":"Kumbang Padang Permata"},{"id":"1607192010","nama":"Muarabaru"},{"id":"1607192011","nama":"Tirta Makmur"},{"id":"1607192012","nama":"Panca Mulya"},{"id":"1607192013","nama":"Budi Mulya"},{"id":"1607192014","nama":"Panca Desa"},{"id":"1607192015","nama":"Air Kumbang Bakti"},{"id":"1607192016","nama":"Sebokor"}]