[{"id":"1706010016","nama":"AIR BULUH"},{"id":"1706010017","nama":"PULAU BARU"},{"id":"1706010018","nama":"SEMUNDAM"},{"id":"1706010019","nama":"TANJUNG JAYA"},{"id":"1706010020","nama":"DUSUN SIBAK"},{"id":"1706010021","nama":"MEDAN JAYA"},{"id":"1706010022","nama":"TANJUNG HARAPAN"},{"id":"1706010023","nama":"PASAR IPUH"},{"id":"1706010024","nama":"MANUNGGAL JAYA"},{"id":"1706010025","nama":"RETAK HILIR"},{"id":"1706010028","nama":"PULAI PAYUNG"},{"id":"1706010029","nama":"TANJUNG MEDAN"},{"id":"1706010030","nama":"TIRTA MULYA"},{"id":"1706010031","nama":"PASAR BARU"},{"id":"1706010032","nama":"PULAU MAKMUR"},{"id":"1706010033","nama":"MUNDAM MARAP"}]