[{"id":"1802041001","nama":"MARGOYOSO"},{"id":"1802041002","nama":"DADAPAN"},{"id":"1802041003","nama":"SIMPANG KANAN"},{"id":"1802041004","nama":"MARGODADI"},{"id":"1802041005","nama":"ARGOPENI"},{"id":"1802041006","nama":"SUMBER MULYO"},{"id":"1802041007","nama":"WONOHARJO"},{"id":"1802041008","nama":"TEGAL BINANGUN"},{"id":"1802041009","nama":"SUMBERREJO"},{"id":"1802041010","nama":"SIDOMULYO"},{"id":"1802041011","nama":"KEBUMEN"},{"id":"1802041012","nama":"ARGOMULYO"},{"id":"1802041013","nama":"SIDOREJO"}]