[{"id":"1805012001","nama":"KOTA BATU"},{"id":"1805012002","nama":"TAWANG NEGERI"},{"id":"1805012003","nama":"PAYUNG MAKMUR"},{"id":"1805012004","nama":"PAYUNG DADI"},{"id":"1805012005","nama":"PAYUNG REJO"},{"id":"1805012006","nama":"TANJUNG REJO"},{"id":"1805012007","nama":"SANGUN RATU"},{"id":"1805012008","nama":"GUNUNG RAYA"},{"id":"1805012009","nama":"GUNUNG HAJI"},{"id":"1805012010","nama":"NEGERI RATU"},{"id":"1805012011","nama":"TANJUNG KEMALA"},{"id":"1805012012","nama":"NEGERI KEPAYUNGAN"},{"id":"1805012013","nama":"PAYUNG BATU"},{"id":"1805012014","nama":"SEGALA MIDER"},{"id":"1805012015","nama":"TIAS BANGUN"},{"id":"1805012016","nama":"SINAR NEGERI"},{"id":"1805012017","nama":"RIAU PERIANGAN"},{"id":"1805012018","nama":"PEKANDANGAN"},{"id":"1805012019","nama":"PAYUNG MULYA"},{"id":"1805012020","nama":"PADANG REJO"}]