[{"id":"1808082001","nama":"Way Tuba"},{"id":"1808082002","nama":"Karya Jaya"},{"id":"1808082003","nama":"Say Umpu"},{"id":"1808082004","nama":"Beringin Jaya"},{"id":"1808082005","nama":"Suma Mukti"},{"id":"1808082006","nama":"Ramsai"},{"id":"1808082007","nama":"Bandar Sari"},{"id":"1808082008","nama":"Bumi Dana"},{"id":"1808082009","nama":"Bukit Gemuruh"},{"id":"1808082010","nama":"Way Mencar"},{"id":"1808082011","nama":"Way Pisang"},{"id":"1808082012","nama":"Bukit Harapan"},{"id":"1808082013","nama":"Way Tuba Asri"}]