[{"id":"1811010001","nama":"BUMI HARAPAN"},{"id":"1811010002","nama":"BUKO POSO"},{"id":"1811010003","nama":"HADI MULYO"},{"id":"1811010004","nama":"GEDUNG BOGA\/RAJA"},{"id":"1811010005","nama":"SUKA AGUNG"},{"id":"1811010006","nama":"REJO MULYO"},{"id":"1811010007","nama":"LABUHAN BARU"},{"id":"1811010008","nama":"PANCA WARNA"},{"id":"1811010009","nama":"KEBUN DALAM"},{"id":"1811010010","nama":"KEJADIAN"},{"id":"1811010011","nama":"LABUHAN BATIN"},{"id":"1811010012","nama":"LABUHAN MAKMUR"},{"id":"1811010013","nama":"GEDUNG SRI MULYO"},{"id":"1811010014","nama":"LABUHAN PERMAI"},{"id":"1811010015","nama":"SUMBER REJO"},{"id":"1811010016","nama":"MARGO BHAKTI"},{"id":"1811010017","nama":"LABUHAN MULYA"},{"id":"1811010018","nama":"KARANG MULYA"},{"id":"1811010019","nama":"TRI TUNGGAL JAYA"},{"id":"1811010020","nama":"SUKA MANDIRI"}]