[{"id":"3202200007","nama":"PADAASIH"},{"id":"3202200008","nama":"CISAAT"},{"id":"3202200009","nama":"BABAKAN"},{"id":"3202200010","nama":"SUKAMANTRI"},{"id":"3202200011","nama":"SUKAMANAH"},{"id":"3202200012","nama":"NAGRAK"},{"id":"3202200013","nama":"CIBATU"},{"id":"3202200014","nama":"CIBOLANG KALER"},{"id":"3202200015","nama":"KUTASIRNA"},{"id":"3202200016","nama":"SELAJAMBE"},{"id":"3202200017","nama":"SUKASARI"},{"id":"3202200018","nama":"GUNUNGJAYA"},{"id":"3202200019","nama":"SUKARESMI"}]