[{"id":"3305082001","nama":"Miritpetikusan"},{"id":"3305082002","nama":"Tlogodepok"},{"id":"3305082003","nama":"Mirit"},{"id":"3305082004","nama":"Tlogopragoto"},{"id":"3305082005","nama":"Lembupurwo"},{"id":"3305082006","nama":"Wiromartan"},{"id":"3305082007","nama":"Rowo"},{"id":"3305082008","nama":"Singoyudan"},{"id":"3305082009","nama":"Wergonayan"},{"id":"3305082010","nama":"Selotumpeng"},{"id":"3305082011","nama":"Sitibentar"},{"id":"3305082012","nama":"Karanggede"},{"id":"3305082013","nama":"Kertodeso"},{"id":"3305082014","nama":"Patukrejomulyo"},{"id":"3305082015","nama":"Patukgawemulyo"},{"id":"3305082016","nama":"Mangunranan"},{"id":"3305082017","nama":"Pekutan"},{"id":"3305082018","nama":"Wirogaten"},{"id":"3305082019","nama":"Winong"},{"id":"3305082020","nama":"Ngabean"},{"id":"3305082021","nama":"Sarwogadung"},{"id":"3305082022","nama":"Krubungan"}]