[{"id":"3311060001","nama":"JAGAN"},{"id":"3311060002","nama":"MANISHARJO"},{"id":"3311060003","nama":"CABEYAN"},{"id":"3311060004","nama":"PUHGOGOR"},{"id":"3311060005","nama":"PALUHOMBO"},{"id":"3311060006","nama":"BENDOSARI"},{"id":"3311060007","nama":"MOJOREJO"},{"id":"3311060008","nama":"MERTAN"},{"id":"3311060009","nama":"MULUR"},{"id":"3311060010","nama":"TORIYO"},{"id":"3311060011","nama":"JOMBOR"},{"id":"3311060012","nama":"SIDOREJO"},{"id":"3311060013","nama":"SUGIHAN"},{"id":"3311060014","nama":"GENTAN"}]