[{"id":"3327040001","nama":"TUNDAGAN"},{"id":"3327040002","nama":"TLAGASANA"},{"id":"3327040003","nama":"BONGAS"},{"id":"3327040004","nama":"CIKADU"},{"id":"3327040005","nama":"CAWET"},{"id":"3327040006","nama":"MEDAYU"},{"id":"3327040007","nama":"PAGELARAN"},{"id":"3327040008","nama":"BODAS"},{"id":"3327040009","nama":"JOJOGAN"},{"id":"3327040010","nama":"MAJALANGU"},{"id":"3327040011","nama":"TAMBI"},{"id":"3327040012","nama":"WATUKUMPUL"},{"id":"3327040013","nama":"GAPURA"},{"id":"3327040014","nama":"MAJAKERTA"},{"id":"3327040015","nama":"WISNU"}]