[{"id":"3502180001","nama":"KERTOSARI"},{"id":"3502180002","nama":"CEKOK"},{"id":"3502180003","nama":"PATIHAN WETAN"},{"id":"3502180004","nama":"KADIPATEN"},{"id":"3502180005","nama":"JAPAN"},{"id":"3502180006","nama":"GUPOLO"},{"id":"3502180007","nama":"POLOREJO"},{"id":"3502180008","nama":"BARENG"},{"id":"3502180009","nama":"NGUNUT"},{"id":"3502180010","nama":"SUKOSARI"},{"id":"3502180011","nama":"LEMBAH"},{"id":"3502180012","nama":"PONDOK"},{"id":"3502180013","nama":"BABADAN"},{"id":"3502180014","nama":"PURWOSARI"},{"id":"3502180015","nama":"TRISONO"}]