[{"id":"3507140001","nama":"SUKOREJO"},{"id":"3507140002","nama":"BULUPITU"},{"id":"3507140003","nama":"SUKOSARI"},{"id":"3507140004","nama":"PANGGUNGREJO"},{"id":"3507140005","nama":"GONDANGLEGI KULON"},{"id":"3507140006","nama":"GONDANGLEGI WETAN"},{"id":"3507140007","nama":"SEPANJANG"},{"id":"3507140008","nama":"PUTAT KIDUL"},{"id":"3507140009","nama":"PUTAT LOR"},{"id":"3507140010","nama":"UREK UREK"},{"id":"3507140011","nama":"KETAWANG"},{"id":"3507140012","nama":"GANJARAN"},{"id":"3507140013","nama":"PUTUKREJO"},{"id":"3507140014","nama":"SUMBERJAYA"}]