[{"id":"3514150001","nama":"KOLURSARI"},{"id":"3514150002","nama":"KIDUL DALEM"},{"id":"3514150003","nama":"POGAR"},{"id":"3514150004","nama":"KAUMAN"},{"id":"3514150005","nama":"BENDO MUNGAL"},{"id":"3514150006","nama":"KERSIKAN"},{"id":"3514150007","nama":"GEMPENG"},{"id":"3514150008","nama":"DERMO"},{"id":"3514150009","nama":"LATEK"},{"id":"3514150010","nama":"MASANGAN"},{"id":"3514150011","nama":"RACI"},{"id":"3514150012","nama":"KALIANYAR"},{"id":"3514150013","nama":"MANARUWI"},{"id":"3514150014","nama":"KALIREJO"},{"id":"3514150015","nama":"TAMBAKAN"}]