[{"id":"3516090001","nama":"SUMBERWONO"},{"id":"3516090002","nama":"PETERONGAN"},{"id":"3516090003","nama":"KEDUNGUNENG"},{"id":"3516090004","nama":"KUTOPORONG"},{"id":"3516090005","nama":"NGASTEMI"},{"id":"3516090006","nama":"MOJOTAMPING"},{"id":"3516090007","nama":"NGROWO"},{"id":"3516090008","nama":"SUMBERTEBU"},{"id":"3516090009","nama":"SIDOMULYO"},{"id":"3516090010","nama":"PULONITI"},{"id":"3516090011","nama":"BANGSAL"},{"id":"3516090012","nama":"PACING"},{"id":"3516090014","nama":"GAYAM"},{"id":"3516090015","nama":"PEKUWON"},{"id":"3516090016","nama":"SALEN"},{"id":"3516090017","nama":"MEJOYO"},{"id":"3516090018","nama":"TINGGARBUNTUT"}]