[{"id":"3525070001","nama":"JOMBANGDELIK"},{"id":"3525070002","nama":"BRANGKAL"},{"id":"3525070003","nama":"NGAMPEL"},{"id":"3525070004","nama":"TANAHLANDEAN"},{"id":"3525070005","nama":"DAPET"},{"id":"3525070006","nama":"WONOREJO"},{"id":"3525070007","nama":"SEKARPUTIH"},{"id":"3525070008","nama":"WOTANSARI"},{"id":"3525070009","nama":"BANJARAGUNG"},{"id":"3525070010","nama":"KARANGSEMANDING"},{"id":"3525070011","nama":"WAHAS"},{"id":"3525070012","nama":"BANDUNGSEKARAN"},{"id":"3525070013","nama":"MOJOGEDE"},{"id":"3525070014","nama":"KEDUNGPRING"},{"id":"3525070015","nama":"PUCUNG"},{"id":"3525070016","nama":"BALONGPANGGANG"},{"id":"3525070017","nama":"KEDUNGSUMBER"},{"id":"3525070018","nama":"BABATAN"},{"id":"3525070019","nama":"PACUH"},{"id":"3525070020","nama":"TENGGOR"},{"id":"3525070021","nama":"DOHOAGUNG"},{"id":"3525070022","nama":"PINGGIR"},{"id":"3525070023","nama":"KLOTOK"},{"id":"3525070024","nama":"GANGGANG"},{"id":"3525070025","nama":"NGASIN"}]