[{"id":"3525082001","nama":"Mojowuku"},{"id":"3525082002","nama":"Glindah"},{"id":"3525082003","nama":"Sidoraharjo"},{"id":"3525082004","nama":"Tulung"},{"id":"3525082005","nama":"Cermen"},{"id":"3525082006","nama":"Lampah"},{"id":"3525082007","nama":"Slempit"},{"id":"3525082008","nama":"Turirejo"},{"id":"3525082009","nama":"Belahanrejo"},{"id":"3525082010","nama":"Menunggal"},{"id":"3525082011","nama":"Tanjung"},{"id":"3525082012","nama":"Katimoho"},{"id":"3525082013","nama":"Banyuurip"},{"id":"3525082014","nama":"Kedamean"},{"id":"3525082015","nama":"Ngepung"}]