[{"id":"3602122001","nama":"Maraya"},{"id":"3602122002","nama":"Sajira"},{"id":"3602122003","nama":"Sukarame"},{"id":"3602122004","nama":"Calungbungur"},{"id":"3602122005","nama":"Parungsari"},{"id":"3602122006","nama":"Sindangsari"},{"id":"3602122007","nama":"Mekarsari"},{"id":"3602122008","nama":"Sukamarga"},{"id":"3602122009","nama":"Pajagan"},{"id":"3602122010","nama":"Sukajaya"},{"id":"3602122011","nama":"Sajira Mekar"},{"id":"3602122012","nama":"Paja"},{"id":"3602122013","nama":"Margaluyu"},{"id":"3602122014","nama":"Bungurmekar"},{"id":"3602122015","nama":"Ciuyah"}]