[{"id":"5205051001","nama":"Monta Baru"},{"id":"5205051002","nama":"Kandai II"},{"id":"5205051003","nama":"Simpasai"},{"id":"5205052004","nama":"Saneo"},{"id":"5205052005","nama":"Wawonduru"},{"id":"5205052006","nama":"Matua"},{"id":"5205052007","nama":"Nowa"},{"id":"5205052008","nama":"Bara"},{"id":"5205052009","nama":"Mada Prama"},{"id":"5205052010","nama":"Riwo"},{"id":"5205052011","nama":"Mumbu"},{"id":"5205052012","nama":"Sera Kapi"},{"id":"5205052013","nama":"Raba Baka"},{"id":"5205052014","nama":"Baka Jaya"}]