[{"id":"5312101007","nama":"Wee Karou"},{"id":"5312101008","nama":"Sobawawi"},{"id":"5312101011","nama":"Loda Pare"},{"id":"5312101012","nama":"Wee Dabo"},{"id":"5312101013","nama":"Dira Tana"},{"id":"5312102001","nama":"Bera Dolu"},{"id":"5312102002","nama":"Doka Kaka"},{"id":"5312102003","nama":"Tana Rara"},{"id":"5312102004","nama":"Bali Ledo"},{"id":"5312102005","nama":"Dedekadu"},{"id":"5312102006","nama":"Ubu Pede"},{"id":"5312102009","nama":"Tema Tana"},{"id":"5312102010","nama":"Ubu Raya"},{"id":"5312102014","nama":"Manola"}]