[{"id":"6212041004","nama":"Muara Bakanon"},{"id":"6212041006","nama":"Tumbang Lahung"},{"id":"6212042001","nama":"Sungai Gula"},{"id":"6212042002","nama":"Sungai Batang"},{"id":"6212042003","nama":"Tumbang Salio"},{"id":"6212042005","nama":"Purnama"},{"id":"6212042007","nama":"Sungai Lobang"},{"id":"6212042008","nama":"Pantai Laga"},{"id":"6212042009","nama":"Baratu"},{"id":"6212042010","nama":"Juking Sopan"},{"id":"6212042011","nama":"Muara Babuat"},{"id":"6212042018","nama":"Sungai Bakanon"}]