[{"id":"6303070001","nama":"KIRAM"},{"id":"6303070002","nama":"MANDI ANGIN BARAT"},{"id":"6303070003","nama":"MANDI ANGIN TIMUR"},{"id":"6303070004","nama":"AWANG BANGKAL BARAT"},{"id":"6303070005","nama":"AWANG BANGKAL TIMUR"},{"id":"6303070006","nama":"MANDI KAPAU TIMUR"},{"id":"6303070007","nama":"MANDI KAPAU BARAT"},{"id":"6303070008","nama":"PULAU NYIUR"},{"id":"6303070009","nama":"SUNGAI ASAM"},{"id":"6303070010","nama":"SUNGAI ALANG"},{"id":"6303070011","nama":"SUNGAI LANDAS"},{"id":"6303070012","nama":"PADANG PANJANG"},{"id":"6303070013","nama":"PENYAMBARAN"},{"id":"6303070014","nama":"LIHUNG"},{"id":"6303070015","nama":"KARANG INTAN"},{"id":"6303070016","nama":"PASAR LAMA"},{"id":"6303070017","nama":"PANDAK DAUN"},{"id":"6303070018","nama":"JINGAH HABANG ULU"},{"id":"6303070019","nama":"JINGAH HABANG ILIR"},{"id":"6303070020","nama":"SUNGAI ARFAT"},{"id":"6303070021","nama":"MALI MALI"},{"id":"6303070022","nama":"LOKTANGGA"},{"id":"6303070023","nama":"SUNGAI BESAR"},{"id":"6303070024","nama":"BI'IH"},{"id":"6303070025","nama":"BALAU"},{"id":"6303070026","nama":"ABIRAU"}]