[{"id":"6308032001","nama":"Rantau Karau Hilir"},{"id":"6308032002","nama":"Rantau Karau Hulu"},{"id":"6308032003","nama":"Banyu Tajun Hilir"},{"id":"6308032004","nama":"Banyu Tajun Hulu"},{"id":"6308032005","nama":"Banyu Tajun Pangkalan"},{"id":"6308032006","nama":"Sungai Sandung"},{"id":"6308032007","nama":"Sungai Pandan Hilir"},{"id":"6308032008","nama":"Teluk Betung"},{"id":"6308032009","nama":"Tambalang"},{"id":"6308032010","nama":"Hambuku Hulu"},{"id":"6308032011","nama":"Hambuku Tengah"},{"id":"6308032014","nama":"Pandulangan"},{"id":"6308032015","nama":"Sungai Pandan Hulu"},{"id":"6308032021","nama":"Pondok Babaris"},{"id":"6308032024","nama":"Sungai Pinang"},{"id":"6308032025","nama":"Tambalang Kecil"},{"id":"6308032026","nama":"Putat Atas"},{"id":"6308032029","nama":"Banyu Tajun Dalam"},{"id":"6308032031","nama":"Sungai Pandan Tengah"},{"id":"6308032032","nama":"Hanbuku Raya"},{"id":"6308032033","nama":"Sungai Kuini"},{"id":"6308032034","nama":"Tapus Dalam"},{"id":"6308032035","nama":"Rantau KarauTengah"},{"id":"6308032037","nama":"Tambalang Tengah"},{"id":"6308032038","nama":"Teluk Mesjid"},{"id":"6308032039","nama":"Murung Asam"},{"id":"6308032040","nama":"Tatah Laban"},{"id":"6308032041","nama":"Jalan Lurus"},{"id":"6308032042","nama":"Teluk Sinar"},{"id":"6308032043","nama":"Padang Bangkal"},{"id":"6308032044","nama":"Hambuku Pasar"},{"id":"6308032045","nama":"Pangkalan Sari"},{"id":"6308032046","nama":"Rantau Karau Raya"}]