[{"id":"6407172001","nama":"Tebisaq"},{"id":"6407172002","nama":"Kaliq"},{"id":"6407172003","nama":"Tanah Mea"},{"id":"6407172004","nama":"Sang-Sang"},{"id":"6407172005","nama":"Muhur"},{"id":"6407172006","nama":"Muara Kelawit"},{"id":"6407172007","nama":"Bentas"},{"id":"6407172008","nama":"Betung"},{"id":"6407172009","nama":"Kiaq"},{"id":"6407172010","nama":"Tendiq"},{"id":"6407172011","nama":"Penawang"},{"id":"6407172012","nama":"Lendian Liang Nayuq"},{"id":"6407172013","nama":"Kenyanyan"},{"id":"6407172014","nama":"Rikong"},{"id":"6407172015","nama":"Kendisiq"},{"id":"6407172016","nama":"Muara Ponaq"}]