[{"id":"7109042001","nama":"Mala"},{"id":"7109042002","nama":"Pangirolong"},{"id":"7109042003","nama":"Sawang"},{"id":"7109042004","nama":"Bandil"},{"id":"7109042005","nama":"Biau"},{"id":"7109042006","nama":"Balirangeng"},{"id":"7109042007","nama":"Buhias"},{"id":"7109042008","nama":"Tapile"},{"id":"7109042009","nama":"Lahopang"},{"id":"7109042010","nama":"Binalu"},{"id":"7109042011","nama":"Kalihiang"},{"id":"7109042012","nama":"Pahepa"},{"id":"7109042013","nama":"Biau Seha"},{"id":"7109042014","nama":"Matole"}]