[{"id":"7206050001","nama":"OGOMOLI"},{"id":"7206050002","nama":"SANDANA"},{"id":"7206050003","nama":"KALANGKANGAN"},{"id":"7206050004","nama":"LANTAPAN"},{"id":"7206050005","nama":"LAKATAN"},{"id":"7206050006","nama":"TINIGI"},{"id":"7206050007","nama":"GINUNGGUNG"},{"id":"7206050008","nama":"LALOS"},{"id":"7206050009","nama":"TENDE"},{"id":"7206050010","nama":"SABANG"},{"id":"7206050011","nama":"BAJUGAN"},{"id":"7206050012","nama":"AUNG"},{"id":"7206050013","nama":"MALANGGA"},{"id":"7206050014","nama":"KINAPASAN"}]