[{"id":"7308091006","nama":"Apala"},{"id":"7308092001","nama":"Bacu"},{"id":"7308092002","nama":"Lampoko"},{"id":"7308092003","nama":"Congko"},{"id":"7308092004","nama":"Wollangi"},{"id":"7308092005","nama":"Parippung"},{"id":"7308092007","nama":"Barebbo"},{"id":"7308092008","nama":"Kampuno"},{"id":"7308092009","nama":"Kading"},{"id":"7308092010","nama":"Kajaolaliddong"},{"id":"7308092011","nama":"Samaelo"},{"id":"7308092012","nama":"Corawali"},{"id":"7308092013","nama":"Talungeng"},{"id":"7308092014","nama":"Watu"},{"id":"7308092015","nama":"Cingkang"},{"id":"7308092016","nama":"Cinnong"},{"id":"7308092017","nama":"Cempanigga"},{"id":"7308092018","nama":"Sugiale"}]