[{"id":"7404221005","nama":"Watumotobe"},{"id":"7404221006","nama":"Wakangka"},{"id":"7404222001","nama":"Barangka"},{"id":"7404222002","nama":"Wakalambe"},{"id":"7404222003","nama":"Boneatiro"},{"id":"7404222004","nama":"Lambusango"},{"id":"7404222007","nama":"Todanga"},{"id":"7404222008","nama":"Tuangila"},{"id":"7404222009","nama":"Waondo Wolio"},{"id":"7404222010","nama":"Bukit Asri"},{"id":"7404222011","nama":"Kamelanta"},{"id":"7404222012","nama":"Lambusango Timur"},{"id":"7404222013","nama":"Wakuli"},{"id":"7404222014","nama":"Mabulugo"},{"id":"7404222015","nama":"Wambulu"},{"id":"7404222016","nama":"Tumada"},{"id":"7404222017","nama":"Boneatiro Barat"}]