[{"id":"8201091001","nama":"RIORIBATI"},{"id":"8201091002","nama":"TONIKU"},{"id":"8201091003","nama":"TEWE"},{"id":"8201091004","nama":"DODINGA"},{"id":"8201091005","nama":"AKELAHA"},{"id":"8201091006","nama":"AKEARA"},{"id":"8201091007","nama":"TUGURACI"},{"id":"8201091008","nama":"BIAMAAHI"},{"id":"8201091009","nama":"AKE JAILOLO"},{"id":"8201091010","nama":"SIDANGOLI DEHE"},{"id":"8201091011","nama":"SIDANGOLI GAM"},{"id":"8201091012","nama":"DOMATO"},{"id":"8201091013","nama":"GAMLENGE"},{"id":"8201091014","nama":"TATALEKA"},{"id":"8201091015","nama":"TABADAMAI"},{"id":"8201091016","nama":"BRAHA"},{"id":"8201091017","nama":"BANGKIT RAHMAT"},{"id":"8201091018","nama":"MOISO"},{"id":"8201091019","nama":"SUKA DAMAI"},{"id":"8201091020","nama":"HIJRAH"},{"id":"8201091021","nama":"BOBANE DANO"},{"id":"8201091022","nama":"RATEM"}]