[{"id":"9112090001","nama":"SOUDIN"},{"id":"9112090002","nama":"UNTI"},{"id":"9112090003","nama":"MIEY COMTY"},{"id":"9112090004","nama":"COIJUD"},{"id":"9112090005","nama":"BINGWAIMOD"},{"id":"9112090006","nama":"MINMO"},{"id":"9112090007","nama":"IJIGREK"},{"id":"9112090008","nama":"TIMTOU"},{"id":"9112090009","nama":"MINHOU"},{"id":"9112090010","nama":"CATUBOU"},{"id":"9112090011","nama":"AIGA"},{"id":"9112090012","nama":"KAUNGWAM"},{"id":"9112090013","nama":"BINGRAYUD"},{"id":"9112090014","nama":"IDEMAI"},{"id":"9112090015","nama":"MIHIJI"},{"id":"9112090016","nama":"IMANDRIGO"},{"id":"9112090017","nama":"NDABOU"},{"id":"9112090018","nama":"SLOMIOU"},{"id":"9112090019","nama":"SUGEMAH"},{"id":"9112090020","nama":"JIM"},{"id":"9112090021","nama":"MANGGESUK"}]