[{"id":"1301","nama":"KAB. PESISIR SELATAN"},{"id":"1302","nama":"KAB. SOLOK"},{"id":"1303","nama":"KAB. SIJUNJUNG"},{"id":"1304","nama":"KAB. TANAH DATAR"},{"id":"1305","nama":"KAB. PADANG PARIAMAN"},{"id":"1306","nama":"KAB. AGAM"},{"id":"1307","nama":"KAB. LIMA PULUH KOTA"},{"id":"1308","nama":"KAB. PASAMAN"},{"id":"1309","nama":"KAB. KEPULAUAN MENTAWAI"},{"id":"1310","nama":"KAB. DHARMASRAYA"},{"id":"1311","nama":"KAB. SOLOK SELATAN"},{"id":"1312","nama":"KAB. PASAMAN BARAT"},{"id":"1371","nama":"KOTA PADANG"},{"id":"1372","nama":"KOTA SOLOK"},{"id":"1373","nama":"KOTA SAWAHLUNTO"},{"id":"1374","nama":"KOTA PADANG PANJANG"},{"id":"1375","nama":"KOTA BUKITTINGGI"},{"id":"1376","nama":"KOTA PAYAKUMBUH"},{"id":"1377","nama":"KOTA PARIAMAN"}]