[{"id":"7101","nama":"KAB. BOLAANG MONGONDOW"},{"id":"7102","nama":"KAB. MINAHASA"},{"id":"7103","nama":"KAB. KEPULAUAN SANGIHE"},{"id":"7104","nama":"KAB. KEPULAUAN TALAUD"},{"id":"7105","nama":"KAB. MINAHASA SELATAN"},{"id":"7106","nama":"KAB. MINAHASA UTARA"},{"id":"7107","nama":"KAB. MINAHASA TENGGARA"},{"id":"7108","nama":"KAB. BOLAANG MONGONDOW UTARA"},{"id":"7109","nama":"KAB. KEP. SIAU TAGULANDANG BIARO"},{"id":"7110","nama":"KAB. BOLAANG MONGONDOW TIMUR"},{"id":"7111","nama":"KAB. BOLAANG MONGONDOW SELATAN"},{"id":"7171","nama":"KOTA MANADO"},{"id":"7172","nama":"KOTA BITUNG"},{"id":"7173","nama":"KOTA TOMOHON"},{"id":"7174","nama":"KOTA KOTAMOBAGU"}]