[{"id":"7401","nama":"KAB. KOLAKA"},{"id":"7402","nama":"KAB. KONAWE"},{"id":"7403","nama":"KAB. MUNA"},{"id":"7404","nama":"KAB. BUTON"},{"id":"7405","nama":"KAB. KONAWE SELATAN"},{"id":"7406","nama":"KAB. BOMBANA"},{"id":"7407","nama":"KAB. WAKATOBI"},{"id":"7408","nama":"KAB. KOLAKA UTARA"},{"id":"7409","nama":"KAB. KONAWE UTARA"},{"id":"7410","nama":"KAB. BUTON UTARA"},{"id":"7411","nama":"KAB. KOLAKA TIMUR"},{"id":"7412","nama":"KAB. KONAWE KEPULAUAN"},{"id":"7413","nama":"KAB. MUNA BARAT"},{"id":"7414","nama":"KAB. BUTON TENGAH"},{"id":"7415","nama":"KAB. BUTON SELATAN"},{"id":"7471","nama":"KOTA KENDARI"},{"id":"7472","nama":"KOTA BAU BAU"}]