[{"id":"1201","nama":"KAB. TAPANULI TENGAH"},{"id":"1202","nama":"KAB. TAPANULI UTARA"},{"id":"1203","nama":"KAB. TAPANULI SELATAN"},{"id":"1204","nama":"KAB. NIAS"},{"id":"1205","nama":"KAB. LANGKAT"},{"id":"1206","nama":"KAB. KARO"},{"id":"1207","nama":"KAB. DELI SERDANG"},{"id":"1208","nama":"KAB. SIMALUNGUN"},{"id":"1209","nama":"KAB. ASAHAN"},{"id":"1210","nama":"KAB. LABUHANBATU"},{"id":"1211","nama":"KAB. DAIRI"},{"id":"1212","nama":"KAB. TOBA SAMOSIR"},{"id":"1213","nama":"KAB. MANDAILING NATAL"},{"id":"1214","nama":"KAB. NIAS SELATAN"},{"id":"1215","nama":"KAB. PAKPAK BHARAT"},{"id":"1216","nama":"KAB. HUMBANG HASUNDUTAN"},{"id":"1217","nama":"KAB. SAMOSIR"},{"id":"1218","nama":"KAB. SERDANG BEDAGAI"},{"id":"1219","nama":"KAB. BATU BARA"},{"id":"1220","nama":"KAB. PADANG LAWAS UTARA"},{"id":"1221","nama":"KAB. PADANG LAWAS"},{"id":"1222","nama":"KAB. LABUHANBATU SELATAN"},{"id":"1223","nama":"KAB. LABUHANBATU UTARA"},{"id":"1224","nama":"KAB. NIAS UTARA"},{"id":"1225","nama":"KAB. NIAS BARAT"},{"id":"1271","nama":"KOTA MEDAN"},{"id":"1272","nama":"KOTA PEMATANGSIANTAR"},{"id":"1273","nama":"KOTA SIBOLGA"},{"id":"1274","nama":"KOTA TANJUNG BALAI"},{"id":"1275","nama":"KOTA BINJAI"},{"id":"1276","nama":"KOTA TEBING TINGGI"},{"id":"1277","nama":"KOTA PADANGSIDIMPUAN"},{"id":"1278","nama":"KOTA GUNUNGSITOLI"}]