[{"id":"3201","nama":"KAB. BOGOR"},{"id":"3202","nama":"KAB. SUKABUMI"},{"id":"3203","nama":"KAB. CIANJUR"},{"id":"3204","nama":"KAB. BANDUNG"},{"id":"3205","nama":"KAB. GARUT"},{"id":"3206","nama":"KAB. TASIKMALAYA"},{"id":"3207","nama":"KAB. CIAMIS"},{"id":"3208","nama":"KAB. KUNINGAN"},{"id":"3209","nama":"KAB. CIREBON"},{"id":"3210","nama":"KAB. MAJALENGKA"},{"id":"3211","nama":"KAB. SUMEDANG"},{"id":"3212","nama":"KAB. INDRAMAYU"},{"id":"3213","nama":"KAB. SUBANG"},{"id":"3214","nama":"KAB. PURWAKARTA"},{"id":"3215","nama":"KAB. KARAWANG"},{"id":"3216","nama":"KAB. BEKASI"},{"id":"3217","nama":"KAB. BANDUNG BARAT"},{"id":"3218","nama":"KAB. PANGANDARAN"},{"id":"3271","nama":"KOTA BOGOR"},{"id":"3272","nama":"KOTA SUKABUMI"},{"id":"3273","nama":"KOTA BANDUNG"},{"id":"3274","nama":"KOTA CIREBON"},{"id":"3275","nama":"KOTA BEKASI"},{"id":"3276","nama":"KOTA DEPOK"},{"id":"3277","nama":"KOTA CIMAHI"},{"id":"3278","nama":"KOTA TASIKMALAYA"},{"id":"3279","nama":"KOTA BANJAR"}]