[{"id":"1105092001","nama":"Ranto Panyang Barat"},{"id":"1105092002","nama":"Ranto Panyang Timur"},{"id":"1105092003","nama":"Mesjid Tuha"},{"id":"1105092004","nama":"Ujong Tanoh Darat"},{"id":"1105092005","nama":"Pasi Aceh. Tunong"},{"id":"1105092006","nama":"Pasi Aceh Baroh"},{"id":"1105092007","nama":"Buloh"},{"id":"1105092008","nama":"PuloTeungoh Ranto P."},{"id":"1105092009","nama":"Paya Baro Ranto P"},{"id":"1105092010","nama":"Ranub Dong"},{"id":"1105092011","nama":"Pasi Pinang"},{"id":"1105092012","nama":"Pasi Mesjid"},{"id":"1105092013","nama":"Meureubo"},{"id":"1105092014","nama":"Langung"},{"id":"1105092015","nama":"Gunong Kleng"},{"id":"1105092016","nama":"Ujong Drien"},{"id":"1105092017","nama":"Peunaga Rayeuk"},{"id":"1105092018","nama":"Peunaga Pasi"},{"id":"1105092019","nama":"Peunaga Cut Ujong"},{"id":"1105092020","nama":"Reudeup"},{"id":"1105092021","nama":"Balee"},{"id":"1105092022","nama":"Paya Peunaga"},{"id":"1105092023","nama":"Ujong Tanjung"},{"id":"1105092024","nama":"Pucok Reudeup"},{"id":"1105092025","nama":"Sumber Batu"},{"id":"1105092026","nama":"Bakit Jaya"}]