[{"id":"1106202001","nama":"Cadek"},{"id":"1106202002","nama":"Kajhu"},{"id":"1106202003","nama":"Baet"},{"id":"1106202004","nama":"Blang Krueng"},{"id":"1106202005","nama":"Klieng Muria"},{"id":"1106202006","nama":"Lam Bada Lhok"},{"id":"1106202007","nama":"Lampineung"},{"id":"1106202008","nama":"Lam Asan"},{"id":"1106202009","nama":"Labuy"},{"id":"1106202010","nama":"Lam Ujong"},{"id":"1106202011","nama":"Klieng Cot Aron"},{"id":"1106202012","nama":"Cot Paya"},{"id":"1106202013","nama":"Miruk Lam Reudep"}]