[{"id":"1107071001","nama":"ALUE LEUHOB"},{"id":"1107071002","nama":"BLANG LUAH LM"},{"id":"1107071003","nama":"PASI MALE"},{"id":"1107071004","nama":"NAPAI"},{"id":"1107071005","nama":"BLANG COT MAMEH"},{"id":"1107071006","nama":"KULAM KAJU"},{"id":"1107071007","nama":"LHOK MALE"},{"id":"1107071008","nama":"COT RAMBONG"},{"id":"1107071009","nama":"LUBUK PASI ARA"},{"id":"1107071010","nama":"ULEE PASI ARA"},{"id":"1107071011","nama":"COT LAGAN LM"},{"id":"1107071012","nama":"LUENG BARO"},{"id":"1107071013","nama":"ALUE PERMAN"},{"id":"1107071014","nama":"BLANG COT RUBEK"},{"id":"1107071015","nama":"PEULUEKUNG"},{"id":"1107071016","nama":"PASI JEUT"},{"id":"1107071017","nama":"MON PASONG"},{"id":"1107071018","nama":"PASI MALI"},{"id":"1107071019","nama":"KARAK"},{"id":"1107071020","nama":"ALUE KEUMUNENG"},{"id":"1107071021","nama":"IE SAYANG"},{"id":"1107071022","nama":"ULEE PULO"},{"id":"1107071023","nama":"PASI PANYANG"},{"id":"1107071024","nama":"SIMPANG TEUMAROM"}]