[{"id":"1109080032","nama":"PAYA TIBA"},{"id":"1109080033","nama":"RAPANA"},{"id":"1109080034","nama":"BARO YAMAN"},{"id":"1109080044","nama":"SENTOSA"},{"id":"1109080045","nama":"MESJID YAMAN"},{"id":"1109080046","nama":"BAROH BARAT YAMAN"},{"id":"1109080047","nama":"MEE TEUNGOH"},{"id":"1109080048","nama":"BALE"},{"id":"1109080049","nama":"LINGKOK"},{"id":"1109080050","nama":"REULUI"},{"id":"1109080051","nama":"DAYAH SYARIF"},{"id":"1109080052","nama":"RIBEUN"},{"id":"1109080053","nama":"PEUREULAK"},{"id":"1109080054","nama":"KUMBANG"},{"id":"1109080055","nama":"MEE PANYANG"},{"id":"1109080056","nama":"BLANG LILEUE"},{"id":"1109080057","nama":"BALE BARO KEUMANGAN"},{"id":"1109080058","nama":"MESJID KEUMANGAN"},{"id":"1109080059","nama":"LUENG SAGOE"},{"id":"1109080060","nama":"BLANG BEUREUEH"},{"id":"1109080069","nama":"LAMPOH SIRONG"},{"id":"1109080070","nama":"PANTE BEUREUEH"},{"id":"1109080071","nama":"PALOH KAMBUEK"},{"id":"1109080072","nama":"DAYAH BEUREUEH"},{"id":"1109080073","nama":"BLANG TIDIEK"},{"id":"1109080074","nama":"JADAN"},{"id":"1109080075","nama":"TUHA GAMPONG GAJAH"},{"id":"1109080076","nama":"DAYAH TIDIEK"},{"id":"1109080077","nama":"KEUMANGAN CUT"}]