[{"id":"1114020005","nama":"KEBUN SUNGAI LIPUT"},{"id":"1114020007","nama":"ALUR SELEBU"},{"id":"1114020008","nama":"SUKA MAKMUR"},{"id":"1114020009","nama":"SEUMADAM"},{"id":"1114020010","nama":"KARANGJADI"},{"id":"1114020011","nama":"KAMPUNG JAWA"},{"id":"1114020012","nama":"SIDODADI"},{"id":"1114020013","nama":"PURWODADI"},{"id":"1114020014","nama":"TANJUNG GENTENG"},{"id":"1114020015","nama":"GERENGGAM"},{"id":"1114020016","nama":"SIMPANG KANAN"},{"id":"1114020017","nama":"TANJUNG MANCANG"},{"id":"1114020018","nama":"PANGKALAN"},{"id":"1114020019","nama":"SUNGAI LIPUT"},{"id":"1114020020","nama":"BUKIT RATA"}]