[{"id":"1117092001","nama":"Cemparam  Lama"},{"id":"1117092002","nama":"Cemparam  Pakat Jeroh"},{"id":"1117092003","nama":"Cemparam  Jaya"},{"id":"1117092004","nama":"Pantan Kuli"},{"id":"1117092005","nama":"Simpang Renggali"},{"id":"1117092006","nama":"Jamur Atu Jaya"},{"id":"1117092007","nama":"Sosial"},{"id":"1117092008","nama":"Gunung Sayang"},{"id":"1117092009","nama":"Amor"},{"id":"1117092010","nama":"Buntul Gayo"},{"id":"1117092011","nama":"Wih Resap"},{"id":"1117092012","nama":"Wer Tingkem"},{"id":"1117092013","nama":"Perumpaken Benjadi"},{"id":"1117092014","nama":"Hakim Peteri Pintu"},{"id":"1117092015","nama":"Simpur"}]