[{"id":"1208041011","nama":"Panei Tongah"},{"id":"1208042001","nama":"Janggir Leto"},{"id":"1208042002","nama":"Simpang Pane Raya"},{"id":"1208042003","nama":"Siborna"},{"id":"1208042004","nama":"Sipoldas"},{"id":"1208042005","nama":"Bangun Rakyat"},{"id":"1208042006","nama":"Sigodang"},{"id":"1208042007","nama":"Sigodang Barat"},{"id":"1208042008","nama":"Bah Bolon Tonga"},{"id":"1208042009","nama":"Mekar Sari Raya"},{"id":"1208042010","nama":"Simantin Pane Dame"},{"id":"1208042012","nama":"Simpang Raya Dasma"},{"id":"1208042013","nama":"Bangun Das Mariah"},{"id":"1208042014","nama":"Bangun Sitolu Bah"},{"id":"1208042015","nama":"Bah Liran Siborna"},{"id":"1208042016","nama":"Nauli Baru"},{"id":"1208042017","nama":"Rawang Pardomuan Nauli"}]