[{"id":"1209190001","nama":"PEMATANG KERASAAN"},{"id":"1209190002","nama":"PEMATANG KERASAAN REJO"},{"id":"1209190003","nama":"MARIHAT BANDAR"},{"id":"1209190004","nama":"TIMBAAN"},{"id":"1209190005","nama":"NAGORI BANDAR"},{"id":"1209190006","nama":"BANDAR RAKYAT"},{"id":"1209190007","nama":"BANDAR PULO"},{"id":"1209190008","nama":"BANDAR JAWA"},{"id":"1209190009","nama":"PERDAGANGAN I"},{"id":"1209190010","nama":"BAH LIAS"},{"id":"1209190011","nama":"PERDAGANGAN II"},{"id":"1209190012","nama":"PERLANAAN"},{"id":"1209190013","nama":"SIDO TANI"},{"id":"1209190014","nama":"SUGARANG BAYU"},{"id":"1209190015","nama":"PERDAGANGAN III"},{"id":"1209190016","nama":"LANDBOUW"}]