[{"id":"1212032001","nama":"Pintu Batu"},{"id":"1212032002","nama":"Sitorang"},{"id":"1212032003","nama":"Parsambilan"},{"id":"1212032004","nama":"Huta Gur- Gur II"},{"id":"1212032005","nama":"Silaen"},{"id":"1212032006","nama":"Ombur"},{"id":"1212032008","nama":"Natolutali"},{"id":"1212032009","nama":"Dalihan Natolu"},{"id":"1212032010","nama":"Sigodang Tua"},{"id":"1212032014","nama":"Sinta Dame"},{"id":"1212032015","nama":"Hutanamora"},{"id":"1212032017","nama":"Pardomuan"},{"id":"1212032018","nama":"Huta Gur-Gur I"},{"id":"1212032022","nama":"Lumban Dolok"},{"id":"1212032023","nama":"Napitupulu"},{"id":"1212032024","nama":"Hutagaol Sihujur"},{"id":"1212032025","nama":"Meranti Barat"},{"id":"1212032026","nama":"Sibide Barat"},{"id":"1212032027","nama":"Sibide"},{"id":"1212032028","nama":"Simanobak"},{"id":"1212032029","nama":"Panindi"},{"id":"1212032030","nama":"Siringkiron"},{"id":"1212032031","nama":"Marbulang"}]