[{"id":"1214034001","nama":"HILIZALOOTANO"},{"id":"1214034002","nama":"BAWOLAHUSA"},{"id":"1214034003","nama":"HILINAWALO MAZINO"},{"id":"1214034004","nama":"HILIZOROILAWA"},{"id":"1214034005","nama":"LAWINDRA"},{"id":"1214034006","nama":"BAWOLAHUSA DOLI-DOLI"},{"id":"1214034007","nama":"HILIZALOTANO LARONO"},{"id":"1214034008","nama":"HILIZALOTANO LAOWO"},{"id":"1214034009","nama":"LOLOMBOLI"},{"id":"1214034010","nama":"HILILAZA HILINAWALO MAZINO"},{"id":"1214034011","nama":"HILIFONDEGE HILIZOROILAWA"}]