[{"id":"1301072001","nama":"Siguntur"},{"id":"1301072002","nama":"Sungai Pinang"},{"id":"1301072003","nama":"Duku"},{"id":"1301072004","nama":"Batu Hampa"},{"id":"1301072005","nama":"Nanggalo"},{"id":"1301072006","nama":"Ampang Pulai"},{"id":"1301072007","nama":"Kapuh"},{"id":"1301072008","nama":"Barung-Barung Balantai"},{"id":"1301072009","nama":"Barung-Barung Balantai Selatan"},{"id":"1301072010","nama":"Mandeh"},{"id":"1301072011","nama":"Kapuah Utara"},{"id":"1301072012","nama":"Taratak Sungai Lundang"},{"id":"1301072013","nama":"Siguntur Tua"},{"id":"1301072014","nama":"Kampung Baru Korong Nan Ampek"},{"id":"1301072015","nama":"Duku Utara"},{"id":"1301072016","nama":"Pulau Karam Ampang Pulai"},{"id":"1301072017","nama":"Jinang Kampung Pansur Ampang Pul"},{"id":"1301072018","nama":"Cerocok Anau Ampang Pulai"},{"id":"1301072019","nama":"Sungai Nyalo Mudiak Aia"},{"id":"1301072020","nama":"Batu Hampar Selatan"},{"id":"1301072021","nama":"Barung-Barung Balantai Timur"},{"id":"1301072022","nama":"Barung-Barung Balantai Tengah"},{"id":"1301072023","nama":"Setara Nanggalo"}]