[{"id":"1302040001","nama":"AIE HAJI"},{"id":"1302040002","nama":"PUNGGASAN"},{"id":"1302040003","nama":"PUNGGASAN TIMUR"},{"id":"1302040004","nama":"PADANG XI PUNGGASAN"},{"id":"1302040005","nama":"LAGAN MUDIK PUNGGASAN"},{"id":"1302040006","nama":"LAGAN HILIR PUNGGASAN"},{"id":"1302040007","nama":"PUNGGASAN UTARA"},{"id":"1302040008","nama":"MUARA GADANG AIR HAJI"},{"id":"1302040009","nama":"AIR HAJI BARAT"},{"id":"1302040010","nama":"PASAR BUKIT AIR HAJI"},{"id":"1302040011","nama":"SUNGAI SIRAH AIR HAJI"},{"id":"1302040012","nama":"RANTAU SIMALENANG AIR HAJI"},{"id":"1302040013","nama":"AIR HAJI TENGAH"},{"id":"1302040014","nama":"PASAR LAMA MUARA AIR HAJI"},{"id":"1302040015","nama":"AIR HAJI TENGGARA"},{"id":"1302040016","nama":"MUARA KANDIS PUNGGASAN"}]