[{"id":"1402051005","nama":"Peranap"},{"id":"1402051008","nama":"Batu Rijal Hilir"},{"id":"1402052003","nama":"Semelinang Tebing"},{"id":"1402052004","nama":"Gumanti"},{"id":"1402052007","nama":"Batu Rijal Hulu"},{"id":"1402052009","nama":"Semelinang Darat"},{"id":"1402052010","nama":"Pauh Ranap"},{"id":"1402052012","nama":"Serai Wangi"},{"id":"1402052013","nama":"Pandan Wangi"},{"id":"1402052017","nama":"Katipo Pura"},{"id":"1402052019","nama":"Batu Rijal Barat"},{"id":"1402052020","nama":"Setako Raya"}]