[{"id":"1403011001","nama":"Kota Bengkalis"},{"id":"1403011002","nama":"Damon"},{"id":"1403011003","nama":"Rimba Sekampung"},{"id":"1403012004","nama":"Kelapapati"},{"id":"1403012005","nama":"Pedekik"},{"id":"1403012006","nama":"Pangkalan Batang"},{"id":"1403012007","nama":"Sebauk"},{"id":"1403012008","nama":"Teluklatak"},{"id":"1403012009","nama":"Meskom"},{"id":"1403012010","nama":"Senggoro"},{"id":"1403012011","nama":"Air Putih"},{"id":"1403012012","nama":"Sei Alam"},{"id":"1403012013","nama":"Penampi"},{"id":"1403012014","nama":"Temeran"},{"id":"1403012015","nama":"Penebal"},{"id":"1403012016","nama":"Pematang Duku"},{"id":"1403012017","nama":"Ketam Putih"},{"id":"1403012018","nama":"Kelemantan"},{"id":"1403012019","nama":"Sekodi"},{"id":"1403012020","nama":"Wonosari"},{"id":"1403012021","nama":"Kuala Alam"},{"id":"1403012022","nama":"Kelebuk"},{"id":"1403012023","nama":"Palkun"},{"id":"1403012024","nama":"Sungaibatang"},{"id":"1403012025","nama":"Prapat Tunggal"},{"id":"1403012026","nama":"Simpang Ayam"},{"id":"1403012027","nama":"Senderek"},{"id":"1403012028","nama":"Kelemantan Barat"},{"id":"1403012029","nama":"Damai"},{"id":"1403012030","nama":"Pangkalan Batang Barat"},{"id":"1403012031","nama":"Pematang Duku Timur"}]