[{"id":"1406021001","nama":"Rokan"},{"id":"1406022002","nama":"Cipang Kanan"},{"id":"1406022003","nama":"Cipang Kiri Hulu"},{"id":"1406022004","nama":"Cipang Kiri Hilir"},{"id":"1406022006","nama":"Tanjung Medan"},{"id":"1406022007","nama":"Lubuk Bendahara Timur"},{"id":"1406022008","nama":"Lubuk Bendahara"},{"id":"1406022010","nama":"Sikebau Jaya"},{"id":"1406022013","nama":"Rokan Koto Ruang"},{"id":"1406022014","nama":"Rokan Timur"},{"id":"1406022016","nama":"Lubuk Betung"},{"id":"1406022017","nama":"Pemandang"},{"id":"1406022018","nama":"Alahan"},{"id":"1406022019","nama":"Tibawan"}]