[{"id":"1503060001","nama":"GURUN MUDO"},{"id":"1503060002","nama":"GURUN TUO"},{"id":"1503060003","nama":"SIMPANG GURUN TUO"},{"id":"1503060004","nama":"PEMUSIRAN"},{"id":"1503060005","nama":"RANGKILING SIMPANG"},{"id":"1503060006","nama":"RANGKILING"},{"id":"1503060007","nama":"MANDIANGIN TUO"},{"id":"1503060008","nama":"MANDIANGIN"},{"id":"1503060009","nama":"DESA TAMAN DEWA"},{"id":"1503060010","nama":"SIMPANG KERTOPATI"},{"id":"1503060011","nama":"KERTO PATI"},{"id":"1503060012","nama":"MUARA KETALO"},{"id":"1503060013","nama":"BUKIT PERANGINAN"},{"id":"1503060014","nama":"PETIDURAN BARU"},{"id":"1503060015","nama":"GURUH BARU"},{"id":"1503060016","nama":"SUNGAI BUTANG"},{"id":"1503060017","nama":"BUTANG BARU"},{"id":"1503060018","nama":"MERANTIH BARU"},{"id":"1503060019","nama":"JATI BARU"},{"id":"1503060020","nama":"TALANG SERDANG"},{"id":"1503060021","nama":"GURUN BARU"},{"id":"1503060022","nama":"MANDIANGIN PASAR"},{"id":"1503060023","nama":"KUTE JAYE"},{"id":"1503060024","nama":"SUNGAI ROTAN"},{"id":"1503060025","nama":"SUKA MAJU"},{"id":"1503060026","nama":"MERANTI JAYA"},{"id":"1503060027","nama":"JERNANG BARU"},{"id":"1503060028","nama":"JATI BARU MUDO"}]