[{"id":"1503012001","nama":"Tambak Ratu"},{"id":"1503012002","nama":"Sungai Keradak"},{"id":"1503012003","nama":"Muaro Air Dua"},{"id":"1503012004","nama":"Simpang Narso"},{"id":"1503012005","nama":"Batin Pengambang"},{"id":"1503012006","nama":"Batu Empang"},{"id":"1503012007","nama":"Rantau Panjang"},{"id":"1503012008","nama":"P. Salak Baru"},{"id":"1503012009","nama":"Muaro Pemuat"},{"id":"1503012010","nama":"Lubuk Bangkar"},{"id":"1503012011","nama":"Pekan Gedang"},{"id":"1503012012","nama":"Raden Anom"},{"id":"1503012013","nama":"Datuk Nan Duo"},{"id":"1503012014","nama":"Bukit Kalimau Ulu"},{"id":"1503012015","nama":"Sungai Bemban"},{"id":"1503012016","nama":"Muara Cuban"},{"id":"1503012017","nama":"Sungai Baung"},{"id":"1503012018","nama":"Padang Jering"},{"id":"1503012019","nama":"Kasiro"},{"id":"1503012020","nama":"Kasiro Hilir"},{"id":"1503012021","nama":"Bukit Berantai"},{"id":"1503012022","nama":"Bukit Sulah"},{"id":"1503012023","nama":"Paniban Baru"}]