[{"id":"1608100001","nama":"GUNUNG BATU"},{"id":"1608100002","nama":"KEMU"},{"id":"1608100003","nama":"SIMPANG PANCUR"},{"id":"1608100004","nama":"PAGAR AGUNG"},{"id":"1608100005","nama":"TANJUNG KARI"},{"id":"1608100006","nama":"AROMANTAI"},{"id":"1608100007","nama":"PULAU BERINGIN"},{"id":"1608100008","nama":"TANJUNG BULAN"},{"id":"1608100026","nama":"PEMATANG OBAR"},{"id":"1608100027","nama":"ANUGERAH KEMU"},{"id":"1608100028","nama":"KEMU ULU"},{"id":"1608100029","nama":"PULAU BERINGIN UTARA"},{"id":"1608100030","nama":"TANJUNG BULAN ULU"}]