[{"id":"1609091001","nama":"KARANG MENJANGAN"},{"id":"1609091002","nama":"KARANG MELATI"},{"id":"1609091003","nama":"KARANG ANYAR"},{"id":"1609091004","nama":"TULUNG HARAPAN"},{"id":"1609091005","nama":"NIRWANA"},{"id":"1609091006","nama":"BURNAI MULYA"},{"id":"1609091007","nama":"KOTA TANAH"},{"id":"1609091008","nama":"MELATI JAYA"},{"id":"1609091009","nama":"KARANG MULYA"},{"id":"1609091010","nama":"HARAPAN JAYA"},{"id":"1609091011","nama":"WANA SARI"},{"id":"1609091012","nama":"BURNAI JAYA"},{"id":"1609091013","nama":"MULYA JAYA"},{"id":"1609091014","nama":"KOTA MULYA"},{"id":"1609091015","nama":"BUNGIN JAYA"},{"id":"1609091016","nama":"MELATI AGUNG"},{"id":"1609091017","nama":"WANA MAKMUR"},{"id":"1609091018","nama":"BAWANG TIKAR"},{"id":"1609091019","nama":"KARYA BAKTI"},{"id":"1609091020","nama":"HARAPAN MAKMUR"},{"id":"1609091021","nama":"WANA JAYA"}]