[{"id":"1809070001","nama":"KRESNO WIDODO"},{"id":"1809070002","nama":"GEDUNG GUMANTI"},{"id":"1809070003","nama":"KEJADIAN"},{"id":"1809070004","nama":"BUMIAGUNG"},{"id":"1809070005","nama":"BATANG HARI OGAN"},{"id":"1809070006","nama":"REJOAGUNG"},{"id":"1809070007","nama":"KOTA AGUNG"},{"id":"1809070008","nama":"NEGARA RATUWATES"},{"id":"1809070009","nama":"GUNUNG SUGIH BARU"},{"id":"1809070010","nama":"MARGO MULYO"},{"id":"1809070011","nama":"TRIMULYO"},{"id":"1809070012","nama":"SINAR JATI"},{"id":"1809070013","nama":"MARGO REJO"},{"id":"1809070014","nama":"GERNING"},{"id":"1809070015","nama":"PANCA BAKTI"},{"id":"1809070016","nama":"SRIWEDARI"}]