[{"id":"3201192001","nama":"Curug"},{"id":"3201192002","nama":"Pangradin"},{"id":"3201192003","nama":"Kalongsawah"},{"id":"3201192004","nama":"Sipak"},{"id":"3201192005","nama":"Jasinga"},{"id":"3201192006","nama":"Koleang"},{"id":"3201192007","nama":"Cikopomayak"},{"id":"3201192008","nama":"Setu"},{"id":"3201192009","nama":"Barengkok"},{"id":"3201192010","nama":"Bagoang"},{"id":"3201192011","nama":"Pangaur"},{"id":"3201192012","nama":"Pamagersari"},{"id":"3201192013","nama":"Jugala Jaya"},{"id":"3201192014","nama":"Tegalwangi"},{"id":"3201192015","nama":"Neglasari"},{"id":"3201192016","nama":"Wirajaya"}]