[{"id":"3209082001","nama":"Karangamangu"},{"id":"3209082002","nama":"Susukan Lebak"},{"id":"3209082003","nama":"Susukan Agung"},{"id":"3209082004","nama":"Susukan Tonggoh"},{"id":"3209082005","nama":"Wilulang"},{"id":"3209082006","nama":"Sampih"},{"id":"3209082007","nama":"Pasawahan"},{"id":"3209082008","nama":"Ciawiasih"},{"id":"3209082009","nama":"Ciawijapura"},{"id":"3209082010","nama":"Curug"},{"id":"3209082011","nama":"Curug Wetan"},{"id":"3209082012","nama":"Kaligawe Wetan"},{"id":"3209082013","nama":"Kaligawe"}]