[{"id":"3210010001","nama":"CIPASUNG"},{"id":"3210010002","nama":"BOROGOJOL"},{"id":"3210010003","nama":"BANGBAYANG"},{"id":"3210010004","nama":"CIBULAN"},{"id":"3210010005","nama":"LEMAH PUTIH"},{"id":"3210010006","nama":"SADAWANGI"},{"id":"3210010007","nama":"MARGAJAYA"},{"id":"3210010008","nama":"KALAPADUA"},{"id":"3210010009","nama":"CIGALEUH"},{"id":"3210010010","nama":"MEKARMULYA"},{"id":"3210010011","nama":"SINARGALIH"},{"id":"3210010012","nama":"PADAREK"},{"id":"3210010013","nama":"SUKAJADI"},{"id":"3210010014","nama":"KEPUH"},{"id":"3210010015","nama":"MEKAR WANGI"},{"id":"3210010016","nama":"SUKAMAJU"},{"id":"3210010017","nama":"LEMAHSUGIH"},{"id":"3210010018","nama":"DAYEUHWANGI"},{"id":"3210010019","nama":"CISALAK"}]