[{"id":"3302070001","nama":"PANDAK"},{"id":"3302070002","nama":"KUNTILI"},{"id":"3302070003","nama":"KEMIRI"},{"id":"3302070004","nama":"KARANGGEDANG"},{"id":"3302070005","nama":"NUSADADI"},{"id":"3302070006","nama":"SELANDAKA"},{"id":"3302070007","nama":"SUMPIUH"},{"id":"3302070008","nama":"KRADENAN"},{"id":"3302070009","nama":"SELANEGARA"},{"id":"3302070010","nama":"KEBOKURA"},{"id":"3302070011","nama":"LEBENG"},{"id":"3302070012","nama":"KETANDA"},{"id":"3302070013","nama":"BANJARPANEPEN"},{"id":"3302070014","nama":"BOGANGIN"}]