[{"id":"3306160001","nama":"KEDUNG PUCANG"},{"id":"3306160002","nama":"KALI URIP"},{"id":"3306160003","nama":"KALIWADER"},{"id":"3306160004","nama":"KALITAPAS"},{"id":"3306160005","nama":"BENOWO"},{"id":"3306160006","nama":"CACABAN KIDUL"},{"id":"3306160007","nama":"CACABAN LOR"},{"id":"3306160008","nama":"WADAS"},{"id":"3306160009","nama":"KEDUNG LOTENG"},{"id":"3306160010","nama":"BENER"},{"id":"3306160011","nama":"KALIBOTO"},{"id":"3306160012","nama":"SENDANGSARI"},{"id":"3306160013","nama":"KARANG SARI"},{"id":"3306160014","nama":"GUNTUR"},{"id":"3306160015","nama":"LEGETAN"},{"id":"3306160016","nama":"KETOSARI"},{"id":"3306160017","nama":"KAMIJORO"},{"id":"3306160018","nama":"BLEBER"},{"id":"3306160019","nama":"PEKACANGAN"},{"id":"3306160020","nama":"MEDONO"},{"id":"3306160021","nama":"JATI"},{"id":"3306160022","nama":"MAYUNG SARI"},{"id":"3306160023","nama":"KALIJAMBE"},{"id":"3306160024","nama":"SUKOWUWUH"},{"id":"3306160025","nama":"LIMBANGAN"},{"id":"3306160026","nama":"NGLARIS"},{"id":"3306160027","nama":"SIDOMUKTI"},{"id":"3306160028","nama":"NGASINAN"}]