[{"id":"3308200001","nama":"LEBAK"},{"id":"3308200002","nama":"PUCUNGSARI"},{"id":"3308200003","nama":"SUGIHMAS"},{"id":"3308200004","nama":"PESIDI"},{"id":"3308200005","nama":"GIRIWETAN"},{"id":"3308200006","nama":"COKRO"},{"id":"3308200007","nama":"SALAM"},{"id":"3308200008","nama":"KETAWANG"},{"id":"3308200009","nama":"BANARAN"},{"id":"3308200010","nama":"BALEAGUNG"},{"id":"3308200011","nama":"KLEGEN"},{"id":"3308200012","nama":"SUMURARUM"},{"id":"3308200013","nama":"KALIKUTO"},{"id":"3308200014","nama":"BANYUSARI"},{"id":"3308200015","nama":"KARTOHARJO"},{"id":"3308200016","nama":"GRABAG"},{"id":"3308200017","nama":"KLETERAN"},{"id":"3308200018","nama":"NGASINAN"},{"id":"3308200019","nama":"TIRTO"},{"id":"3308200020","nama":"TLOGOREJO"},{"id":"3308200021","nama":"SAMBUNGREJO"},{"id":"3308200022","nama":"CITROSONO"},{"id":"3308200023","nama":"SIDOGEDE"},{"id":"3308200024","nama":"KALIPUCANG"},{"id":"3308200025","nama":"SEWORAN"},{"id":"3308200026","nama":"BANJARSARI"},{"id":"3308200027","nama":"LOSARI"},{"id":"3308200028","nama":"NGRANCAH"}]