[{"id":"3312070001","nama":"HARGOSARI"},{"id":"3312070002","nama":"DLEPIH"},{"id":"3312070003","nama":"WIROKO"},{"id":"3312070004","nama":"SUKOHARJO"},{"id":"3312070005","nama":"HARGOREJO"},{"id":"3312070006","nama":"SIDOREJO"},{"id":"3312070007","nama":"GENENGHARJO"},{"id":"3312070008","nama":"GIRIREJO"},{"id":"3312070009","nama":"HARGANTORO"},{"id":"3312070010","nama":"TIRTOMOYO"},{"id":"3312070011","nama":"BANYAKPRODO"},{"id":"3312070012","nama":"NGARJOSARI"},{"id":"3312070013","nama":"SENDANGMULYO"},{"id":"3312070014","nama":"TANJUNGSARI"}]