[{"id":"3315170001","nama":"PENADARAN"},{"id":"3315170002","nama":"GELAPAN"},{"id":"3315170003","nama":"NGROTO"},{"id":"3315170004","nama":"GINGGANGTANI"},{"id":"3315170005","nama":"JEKETRO"},{"id":"3315170006","nama":"SABAN"},{"id":"3315170007","nama":"MLILIR"},{"id":"3315170008","nama":"KEMIRI"},{"id":"3315170009","nama":"PAPANREJO"},{"id":"3315170010","nama":"KUNJENG"},{"id":"3315170011","nama":"TRISARI"},{"id":"3315170012","nama":"KUWARON"},{"id":"3315170013","nama":"ROWOSARI"},{"id":"3315170014","nama":"GUBUG"},{"id":"3315170015","nama":"PRANTEN"},{"id":"3315170016","nama":"JATIPECARON"},{"id":"3315170017","nama":"BATURAGUNG"},{"id":"3315170018","nama":"TAMBAKAN"},{"id":"3315170019","nama":"RINGINKIDUL"},{"id":"3315170020","nama":"RINGINHARJO"},{"id":"3315170021","nama":"TLOGOMULYO"}]