[{"id":"3316160001","nama":"PELEMSENGIR"},{"id":"3316160002","nama":"PRIGI"},{"id":"3316160003","nama":"SAMBENG"},{"id":"3316160004","nama":"TINAPAN"},{"id":"3316160005","nama":"KEDUNGWUNGU"},{"id":"3316160006","nama":"SONOKULON"},{"id":"3316160007","nama":"NGUMBUL"},{"id":"3316160008","nama":"KACANGAN"},{"id":"3316160009","nama":"BICAK"},{"id":"3316160010","nama":"SENDANG"},{"id":"3316160011","nama":"WUKIRSARI"},{"id":"3316160012","nama":"KARANGANYAR"},{"id":"3316160013","nama":"TODANAN"},{"id":"3316160014","nama":"KETILENG"},{"id":"3316160015","nama":"COKROWATI"},{"id":"3316160016","nama":"KAJENGAN"},{"id":"3316160017","nama":"GUNUNGAN"},{"id":"3316160018","nama":"DRINGO"},{"id":"3316160019","nama":"DALANGAN"},{"id":"3316160020","nama":"CANDI"},{"id":"3316160021","nama":"GONDORIYO"},{"id":"3316160022","nama":"KEMBANG"},{"id":"3316160023","nama":"BEDINGIN"},{"id":"3316160024","nama":"LEDOK"},{"id":"3316160025","nama":"KEDUNGBACIN"}]