[{"id":"3317082001","nama":"Tanjung"},{"id":"3317082002","nama":"Kemadu"},{"id":"3317082003","nama":"Sulang"},{"id":"3317082004","nama":"Pomahan"},{"id":"3317082005","nama":"Rukem"},{"id":"3317082006","nama":"Korowelang"},{"id":"3317082007","nama":"Karangharjo"},{"id":"3317082008","nama":"Jatimudo"},{"id":"3317082009","nama":"Kunir"},{"id":"3317082010","nama":"Glebeg"},{"id":"3317082011","nama":"Bogorame"},{"id":"3317082012","nama":"Kaliombo"},{"id":"3317082013","nama":"Sudo"},{"id":"3317082014","nama":"Karangsari"},{"id":"3317082015","nama":"Pragu"},{"id":"3317082016","nama":"Kebonagung"},{"id":"3317082017","nama":"Seren"},{"id":"3317082018","nama":"Pranti"},{"id":"3317082019","nama":"Pedak"},{"id":"3317082020","nama":"Landoh"},{"id":"3317082021","nama":"Kerep"}]