[{"id":"3318200001","nama":"PONDOWAN"},{"id":"3318200002","nama":"KEDUNGSARI"},{"id":"3318200003","nama":"MARGOMULYO"},{"id":"3318200004","nama":"PAKIS"},{"id":"3318200005","nama":"SENDANGREJO"},{"id":"3318200006","nama":"JEPAT KIDUL"},{"id":"3318200007","nama":"TUNGGULSARI"},{"id":"3318200008","nama":"JEPAT LOR"},{"id":"3318200009","nama":"TENDAS"},{"id":"3318200010","nama":"KEBOROMO"},{"id":"3318200011","nama":"SAMBIROTO"},{"id":"3318200012","nama":"TAYU WETAN"},{"id":"3318200013","nama":"TAYU KULON"},{"id":"3318200014","nama":"PUNDENREJO"},{"id":"3318200015","nama":"KEDUNGBANG"},{"id":"3318200016","nama":"BENDOKATON KIDUL"},{"id":"3318200017","nama":"PURWOKERTO"},{"id":"3318200018","nama":"BULUNGAN"},{"id":"3318200019","nama":"LUWANG"},{"id":"3318200020","nama":"DOROREJO"},{"id":"3318200021","nama":"KALIKALONG"}]