[{"id":"3321090008","nama":"MERAK"},{"id":"3321090009","nama":"KARANGREJO"},{"id":"3321090016","nama":"BOTOSENGON"},{"id":"3321090018","nama":"BALEROMO"},{"id":"3321090019","nama":"JERUKGULUNG"},{"id":"3321090020","nama":"KUNIR"},{"id":"3321090021","nama":"BRAKAS"},{"id":"3321090022","nama":"BALEREJO"},{"id":"3321090023","nama":"SIDOMULYO"},{"id":"3321090024","nama":"GEMPOLDENOK"},{"id":"3321090025","nama":"KEBONSARI"},{"id":"3321090026","nama":"KEDUNGORI"},{"id":"3321090027","nama":"DEMPET"},{"id":"3321090028","nama":"KUWU"},{"id":"3321090029","nama":"KRAMAT"},{"id":"3321090030","nama":"HARJOWINANGUN"}]