[{"id":"3323091019","nama":"Manggong"},{"id":"3323092001","nama":"Ngadirejo"},{"id":"3323092002","nama":"Gondangwinangun"},{"id":"3323092003","nama":"Gandu Wetan"},{"id":"3323092004","nama":"Ngaren"},{"id":"3323092005","nama":"Mangunsari"},{"id":"3323092006","nama":"Dlimoyo"},{"id":"3323092007","nama":"Purbosari"},{"id":"3323092008","nama":"Campursari"},{"id":"3323092009","nama":"Tegalrejo"},{"id":"3323092010","nama":"Giripurno"},{"id":"3323092011","nama":"Katekan"},{"id":"3323092012","nama":"Banjarsari"},{"id":"3323092013","nama":"Medari"},{"id":"3323092014","nama":"Karanggedong"},{"id":"3323092015","nama":"Munggangsari"},{"id":"3323092016","nama":"Kataan"},{"id":"3323092017","nama":"Petirejo"},{"id":"3323092018","nama":"Pringapus"},{"id":"3323092020","nama":"Gejagan"}]