[{"id":"3506090001","nama":"GONDANG"},{"id":"3506090002","nama":"KAYUNAN"},{"id":"3506090003","nama":"PANJER"},{"id":"3506090004","nama":"JARAK"},{"id":"3506090005","nama":"SEPAWON"},{"id":"3506090006","nama":"PLOSOKIDUL"},{"id":"3506090007","nama":"BRENGGOLO"},{"id":"3506090008","nama":"PLOSOLOR"},{"id":"3506090009","nama":"WONOREJO TRISULO"},{"id":"3506090010","nama":"PRANGGANG"},{"id":"3506090011","nama":"PUNJUL"},{"id":"3506090012","nama":"KLANDERAN"},{"id":"3506090013","nama":"DONGANTI"},{"id":"3506090014","nama":"KAWEDUSAN"},{"id":"3506090015","nama":"SUMBERAGUNG"}]