[{"id":"3515080001","nama":"JANTI"},{"id":"3515080002","nama":"KEBARON"},{"id":"3515080003","nama":"KENONGO"},{"id":"3515080004","nama":"GELANG"},{"id":"3515080005","nama":"JIKEN"},{"id":"3515080006","nama":"PANGKEMIRI"},{"id":"3515080007","nama":"KEPATIHAN"},{"id":"3515080008","nama":"TULANGAN"},{"id":"3515080009","nama":"KEPADANGAN"},{"id":"3515080010","nama":"TLASIH"},{"id":"3515080011","nama":"KAJEKSAN"},{"id":"3515080012","nama":"SINGOPADU"},{"id":"3515080013","nama":"KEMANTREN"},{"id":"3515080014","nama":"MEDALEM"},{"id":"3515080015","nama":"SUDIMORO"},{"id":"3515080016","nama":"KEDONDONG"},{"id":"3515080017","nama":"GROGOL"},{"id":"3515080018","nama":"MODONG"},{"id":"3515080019","nama":"GRINTING"},{"id":"3515080020","nama":"KEPUH KEMIRI"},{"id":"3515080021","nama":"KEPUNTEN"},{"id":"3515080022","nama":"GRABAGAN"}]