[{"id":"3515182001","nama":"Pepelegi"},{"id":"3515182002","nama":"Waru"},{"id":"3515182003","nama":"Kureksari"},{"id":"3515182004","nama":"Ngingas"},{"id":"3515182005","nama":"Tropodo"},{"id":"3515182006","nama":"Tambaksawah"},{"id":"3515182007","nama":"Tambakrejo"},{"id":"3515182008","nama":"Tambakoso"},{"id":"3515182009","nama":"Tambaksumur"},{"id":"3515182010","nama":"Wadungasri"},{"id":"3515182011","nama":"Kepuhkiriman"},{"id":"3515182012","nama":"Berbek"},{"id":"3515182013","nama":"Wedoro"},{"id":"3515182014","nama":"Janti"},{"id":"3515182015","nama":"Kedungrejo"},{"id":"3515182016","nama":"Medaeng"},{"id":"3515182017","nama":"Bungurasih"}]