[{"id":"3517140001","nama":"TURI PINGGIR"},{"id":"3517140002","nama":"GONGSENG"},{"id":"3517140003","nama":"BALONGSARI"},{"id":"3517140004","nama":"SUMBERSARI"},{"id":"3517140005","nama":"NGOGRI"},{"id":"3517140006","nama":"SIDOMULYO"},{"id":"3517140007","nama":"BALONGGEMEK"},{"id":"3517140008","nama":"KEDUNG REJO"},{"id":"3517140009","nama":"PACAR PELUK"},{"id":"3517140010","nama":"DUKUH ARUM"},{"id":"3517140011","nama":"SUMBER AGUNG"},{"id":"3517140012","nama":"SUDIMORO"},{"id":"3517140013","nama":"MEGALUH"}]