[{"id":"3529100001","nama":"BAKEYONG"},{"id":"3529100002","nama":"PAYUDAN DUNDANG"},{"id":"3529100003","nama":"PORDAPOR"},{"id":"3529100004","nama":"GULUK GULUK"},{"id":"3529100005","nama":"KETAWANG LAOK"},{"id":"3529100006","nama":"PANANGGUNGAN"},{"id":"3529100007","nama":"BRAGUNG"},{"id":"3529100008","nama":"TAMBUKO"},{"id":"3529100009","nama":"PAYUDAN NANGGER"},{"id":"3529100010","nama":"PAYUDAN DALEMAN"},{"id":"3529100011","nama":"PAYUDAN KARANGSOKON"},{"id":"3529100012","nama":"BATUAMPAR"}]