[{"id":"5206060008","nama":"SARI"},{"id":"5206060009","nama":"BOKE"},{"id":"5206060010","nama":"JIA"},{"id":"5206060012","nama":"NARU"},{"id":"5206060014","nama":"BAJOPULAU"},{"id":"5206060015","nama":"BUGIS"},{"id":"5206060016","nama":"RASABOU"},{"id":"5206060017","nama":"NAE"},{"id":"5206060018","nama":"PARANGINA"},{"id":"5206060019","nama":"RAIOI"},{"id":"5206060020","nama":"SANGIA"},{"id":"5206060021","nama":"KOWO"},{"id":"5206060022","nama":"BUNCU"},{"id":"5206060023","nama":"POJA"},{"id":"5206060024","nama":"TANAH PUTIH"},{"id":"5206060025","nama":"NARU BARAT"},{"id":"5206060026","nama":"LAMERE"},{"id":"5206060027","nama":"OI MACI"}]