[{"id":"5308011001","nama":"Ndorurea"},{"id":"5308012002","nama":"Ondorea"},{"id":"5308012003","nama":"Watumite"},{"id":"5308012004","nama":"Tendarea"},{"id":"5308012005","nama":"Kerirea"},{"id":"5308012006","nama":"Tendambepa"},{"id":"5308012007","nama":"Zozozea"},{"id":"5308012008","nama":"Rapowawo"},{"id":"5308012009","nama":"Nggorea"},{"id":"5308012010","nama":"Raporendu"},{"id":"5308012011","nama":"Bheramari"},{"id":"5308012012","nama":"Titwerea"},{"id":"5308012013","nama":"Sanggarhorho"},{"id":"5308012014","nama":"Ndeturea"},{"id":"5308012015","nama":"Ndorurea I"},{"id":"5308012016","nama":"Penggajawa"},{"id":"5308012017","nama":"Jegharangga"},{"id":"5308012018","nama":"Ondorea Barat"},{"id":"5308012019","nama":"Romarea"},{"id":"5308012020","nama":"Timbaria"},{"id":"5308012021","nama":"Mbobhenga"},{"id":"5308012022","nama":"Malawaru"},{"id":"5308012023","nama":"Anaraja"},{"id":"5308012024","nama":"Kekandere"},{"id":"5308012025","nama":"Tanazozo"},{"id":"5308012026","nama":"Tenda Ondo"},{"id":"5308012027","nama":"Jemburea"},{"id":"5308012028","nama":"Embuzozo"},{"id":"5308012029","nama":"Uzuzozo"}]