[{"id":"5316011001","nama":"Dhawe"},{"id":"5316011003","nama":"Mbay I"},{"id":"5316011005","nama":"Towak"},{"id":"5316011007","nama":"Mbay II"},{"id":"5316011009","nama":"Danga"},{"id":"5316011011","nama":"Lape"},{"id":"5316012002","nama":"Labolewa"},{"id":"5316012004","nama":"Tedamude"},{"id":"5316012006","nama":"Nggolonio"},{"id":"5316012008","nama":"Olaia"},{"id":"5316012010","nama":"Aerama"},{"id":"5316012012","nama":"Marapokot"},{"id":"5316012013","nama":"Tonggurambang"},{"id":"5316012014","nama":"Waekokak"},{"id":"5316012015","nama":"Ngegedhawe"},{"id":"5316012016","nama":"Tadakisa"},{"id":"5316012017","nama":"Nggolombay"},{"id":"5316012018","nama":"Nangadhero"}]