[{"id":"6107200001","nama":"BAGELANG JAYA"},{"id":"6107200002","nama":"SUMBER SARI"},{"id":"6107200003","nama":"PANGGI AGUNG"},{"id":"6107200004","nama":"KERTA SARI"},{"id":"6107200005","nama":"ARGOMULYO"},{"id":"6107200006","nama":"TIRTA KARYA"},{"id":"6107200007","nama":"PANDING JAYA"},{"id":"6107200008","nama":"TANJUNG SARI"},{"id":"6107200009","nama":"WIRAYUDA"},{"id":"6107200010","nama":"SWADAYA"},{"id":"6107200011","nama":"MARGAHAYU"},{"id":"6107200012","nama":"GUT JAYA BAKTI"},{"id":"6107200013","nama":"WANA BAKTI"},{"id":"6107200014","nama":"LANDAU BUAYA"},{"id":"6107200015","nama":"KAYU DUJUNG"},{"id":"6107200016","nama":"SENANGAN KECIL"},{"id":"6107200017","nama":"SUNGAI AREH"},{"id":"6107200018","nama":"MUNGGUK GELOMBANG"},{"id":"6107200019","nama":"MUNGGUK LAWANG"},{"id":"6107200020","nama":"NANGA KELAPAN"}]