[{"id":"6209070001","nama":"TEWANG PAPARI"},{"id":"6209070002","nama":"TEWANG DARAYU"},{"id":"6209070003","nama":"BUNTUT BALI"},{"id":"6209070004","nama":"KULUK BALI"},{"id":"6209070005","nama":"MANDUING TAHETA"},{"id":"6209070006","nama":"MANDUING LAMA"},{"id":"6209070007","nama":"TUMBANG BANJANG"},{"id":"6209070008","nama":"TUMBANG LAWANG"},{"id":"6209070009","nama":"DAHIAN TUNGGAL"},{"id":"6209070010","nama":"TEWANG KARANGAN"},{"id":"6209070011","nama":"TUMBANG TUNGKU"},{"id":"6209070012","nama":"GERAGU"},{"id":"6209070013","nama":"TUMBANG TANJUNG"},{"id":"6209070014","nama":"TURA"}]