[{"id":"6303031001","nama":"TATAH BANGKAL"},{"id":"6303031002","nama":"TATAH BANGKALTENGAH"},{"id":"6303031003","nama":"LAYAP BARU"},{"id":"6303031004","nama":"TAMPANG AWANG"},{"id":"6303031005","nama":"TATAH PEMANGKIH DARAT"},{"id":"6303031006","nama":"PEMANGKIH BARU"},{"id":"6303031007","nama":"JARUJU LAUT"},{"id":"6303031008","nama":"TATAH JARUJU"},{"id":"6303031009","nama":"TATAH PEMANGKIH TENGAH"},{"id":"6303031010","nama":"TAIBAH RAYA"},{"id":"6303031011","nama":"TATAH LAYAP"},{"id":"6303031012","nama":"MEKAR SARI"},{"id":"6303031013","nama":"PANDAN SARI"}]