[{"id":"6309072001","nama":"Kupang Nunding"},{"id":"6309072002","nama":"Mangkupum"},{"id":"6309072003","nama":"Pasar Batu"},{"id":"6309072004","nama":"Uwie"},{"id":"6309072005","nama":"Muara Uya"},{"id":"6309072006","nama":"Lumbang"},{"id":"6309072007","nama":"Santuun"},{"id":"6309072008","nama":"Simpung Layung"},{"id":"6309072009","nama":"Binjai"},{"id":"6309072010","nama":"Palapi"},{"id":"6309072011","nama":"Kampung Baru"},{"id":"6309072012","nama":"Salikung"},{"id":"6309072013","nama":"Ribang"},{"id":"6309072014","nama":"Sungai Kumap"}]