[{"id":"6402022001","nama":"Jonggon Desa"},{"id":"6402022002","nama":"Sungai Payang"},{"id":"6402022003","nama":"Jembayan"},{"id":"6402022004","nama":"Loa Kulu Kota"},{"id":"6402022005","nama":"Loh Sumber"},{"id":"6402022006","nama":"Ponoragan"},{"id":"6402022007","nama":"Rempanga"},{"id":"6402022008","nama":"Margahayu"},{"id":"6402022009","nama":"Karya Utama"},{"id":"6402022010","nama":"Lung Anai"},{"id":"6402022011","nama":"Jembayan Tengah"},{"id":"6402022012","nama":"Jembayan Dalam"},{"id":"6402022013","nama":"Sepakat"},{"id":"6402022014","nama":"Sumber Sari"},{"id":"6402022015","nama":"Jongkang"}]