[{"id":"7318052001","nama":"KELURAHAN TALION"},{"id":"7318052002","nama":"LEMBANG LIMBONG"},{"id":"7318052003","nama":"LEMBANG SARAPEANG"},{"id":"7318052004","nama":"LEMBANG BANGA"},{"id":"7318052005","nama":"LEMBANG BURI"},{"id":"7318052006","nama":"KELURAHAN REMBON"},{"id":"7318052007","nama":"LEMBANG ULLIN"},{"id":"7318052008","nama":"LEMBANG MAROSON"},{"id":"7318052009","nama":"LEMBANG PALESAN"},{"id":"7318052010","nama":"LEMBANG KAYU OSING"},{"id":"7318052011","nama":"LEMBANG BATU SURA"},{"id":"7318052012","nama":"LEMBANG TO PAO"},{"id":"7318052013","nama":"LEMBANG BUA TARUNG"}]