[{"id":"7322010001","nama":"TANDUNG"},{"id":"7322010002","nama":"KALOTOK"},{"id":"7322010003","nama":"POMPANIKI"},{"id":"7322010004","nama":"MARI-MARI"},{"id":"7322010005","nama":"BONE SUBUR"},{"id":"7322010006","nama":"TETE URI"},{"id":"7322010007","nama":"BATU ALANG"},{"id":"7322010008","nama":"KAMPUNG BARU"},{"id":"7322010009","nama":"DANDANG"},{"id":"7322010010","nama":"BUANGIN"},{"id":"7322010011","nama":"PARARRA"},{"id":"7322010012","nama":"TERPEDO JAYA"},{"id":"7322010013","nama":"BUNTU TERPEDO"},{"id":"7322010014","nama":"TULAK TALLU"},{"id":"7322010015","nama":"BAKKA"},{"id":"7322010016","nama":"PENGKENDEKAN"},{"id":"7322010017","nama":"MAROBO"},{"id":"7322010018","nama":"SABBANG"},{"id":"7322010019","nama":"SALAMA"},{"id":"7322010020","nama":"MALIMBU"}]