[{"id":"7505010005","nama":"IMANA"},{"id":"7505010006","nama":"ILOMATA"},{"id":"7505010007","nama":"BINTANA"},{"id":"7505010008","nama":"MONGGUPO"},{"id":"7505010009","nama":"KOTA JIN"},{"id":"7505010010","nama":"PINONTOYONGA"},{"id":"7505010011","nama":"BUATA"},{"id":"7505010012","nama":"WAPALO"},{"id":"7505010013","nama":"ILOHELUMA"},{"id":"7505010014","nama":"SIGASO"},{"id":"7505010015","nama":"OLUHUTA"},{"id":"7505010016","nama":"KOTAJIN UTARA"},{"id":"7505010017","nama":"TOMBULILATO"},{"id":"7505010018","nama":"POSONO"}]