[{"id":"7603051001","nama":"Lakahang"},{"id":"7603052002","nama":"Periangan"},{"id":"7603052003","nama":"Malatiro"},{"id":"7603052004","nama":"Tabulahan"},{"id":"7603052005","nama":"Saluleang"},{"id":"7603052007","nama":"Tampak Kurra"},{"id":"7603052008","nama":"Gandang Dewata"},{"id":"7603052009","nama":"Burana"},{"id":"7603052010","nama":"Salubakka"},{"id":"7603052011","nama":"Pangandaran"},{"id":"7603052012","nama":"Talopak"},{"id":"7603052013","nama":"Peu'"},{"id":"7603052014","nama":"Timoro"},{"id":"7603052015","nama":"Lakahang Utama"}]