[{"id":"9101080026","nama":"KRIAWASWAS"},{"id":"9101080027","nama":"MAMBUNIIBUNI"},{"id":"9101080028","nama":"MANDONI"},{"id":"9101080029","nama":"BATUFIAFAS"},{"id":"9101080030","nama":"PATIMBURAK"},{"id":"9101080031","nama":"SEKAR"},{"id":"9101080032","nama":"KOKAS KOTA"},{"id":"9101080033","nama":"SISIR"},{"id":"9101080034","nama":"KAMPUNG BARU"},{"id":"9101080035","nama":"UGAR"},{"id":"9101080036","nama":"KINAM"},{"id":"9101080037","nama":"ANDAMATA"},{"id":"9101080038","nama":"ARGUNI"},{"id":"9101080039","nama":"FIOR"},{"id":"9101080040","nama":"PORIR"},{"id":"9101080041","nama":"DAREMBANG"},{"id":"9101080042","nama":"GORAS"},{"id":"9101080051","nama":"WAREMU"},{"id":"9101080052","nama":"METIMBER"},{"id":"9101080053","nama":"ARGUNI BARAT"},{"id":"9101080054","nama":"WOS"},{"id":"9101080055","nama":"WAFUS"},{"id":"9101080056","nama":"MBAHAMDANDARA"}]