[{"id":"9107272001","nama":"Wonwi"},{"id":"9107272002","nama":"Nenegame"},{"id":"9107272003","nama":"Bime"},{"id":"9107272004","nama":"Anggege"},{"id":"9107272005","nama":"Pernaluk"},{"id":"9107272006","nama":"Kiburu"},{"id":"9107272007","nama":"Nuwi"},{"id":"9107272008","nama":"Ponggoname"},{"id":"9107272009","nama":"Gibume"},{"id":"9107272010","nama":"Naburage"},{"id":"9107272011","nama":"Yunggwi"},{"id":"9107272012","nama":"Anggagalo"},{"id":"9107272013","nama":"Anggalo"},{"id":"9107272014","nama":"Wiyage"},{"id":"9107272015","nama":"Piyabigimbut"},{"id":"9107272016","nama":"Bunaluk"},{"id":"9107272017","nama":"Gereja Lama"}]