[{"id":"9409041001","nama":"OPIAREF"},{"id":"9409041002","nama":"BAKRIBO"},{"id":"9409041003","nama":"MARAO"},{"id":"9409041004","nama":"SAWA"},{"id":"9409041005","nama":"WADIBU"},{"id":"9409041006","nama":"ANGGOPI"},{"id":"9409041007","nama":"ANGGADUBER"},{"id":"9409041008","nama":"ANIMI"},{"id":"9409041009","nama":"KAKUR"},{"id":"9409041010","nama":"TANJUNG BARARI"},{"id":"9409041011","nama":"SAWADORI"},{"id":"9409041012","nama":"SAURI"},{"id":"9409041013","nama":"MAKMAKERBO"},{"id":"9409041014","nama":"YENSAMA"}]